trajectory_id,dataset_split,product,batch_number,season,disturbance_type,impurity,fouling_resistance,n_points,final_monomer_added_kg,final_monomer_mass_kg,final_polymer_mass_kg,final_conversion_proxy,T_min_K,T_max_K,T_final_K,controlled_mean_abs_error_K,controlled_95_abs_error_K,controlled_within_0p5K_pct,controlled_within_1p0K_pct,max_reaction_heat_kW,min_jacket_heat_kW,max_jacket_heat_kW,max_reaction_rate_kg_s,min_U_kW_m2_K,max_U_kW_m2_K,max_viscosity_proxy,energy_residual_median_abs_kW,energy_residual_max_abs_kW,monomer_residual_median_abs,polymer_residual_median_abs,max_valve_step_pct,max_feed_step_kg_s,stage_sequence
0,baseline,A,1,summer,none,1.0,0.0,1801,45.00044001255032,1.2270245949584626e-12,56.22744001254937,0.9999999999821932,294.26,355.8517619440727,355.5307587326068,0.19911911183184475,0.5261436275617086,93.97374701670644,100.0,1.918223643720241,-5.745244967686344,11.12489680144562,0.0028437507689984,0.2,0.973503574199674,578.278793860618,7.771561172376096e-15,3.530509218307998e-14,2.4543626424244273e-14,2.4543626424244273e-14,1.6000000000000085,0.0004666666666666,heatup->feed->hold
1,baseline,B,2,summer,none,1.0,0.0005,1801,45.00028729954115,1.1049019889835222e-12,56.22728729954053,0.9999999999821954,294.26,355.8357283014675,355.5055648878233,0.16072341331816423,0.5079788136536649,94.6268656716418,100.0,1.9214869397891308,-5.7610660975466175,11.111481517649189,0.0028485885785707,0.2,0.9712845132502914,2319.7399075703547,1.7763568394002505e-15,3.5083047578154947e-14,2.2050936919482488e-14,2.2050936919482488e-14,1.6000000000000085,0.0004666666666666,heatup->feed->hold
2,baseline,A,3,summer,none,1.0,0.001,1801,45.00044001255032,1.2270646692971362e-12,56.22744001254948,0.9999999999821932,294.26,355.85167368104914,355.5309047502137,0.1996385854368392,0.526812404453608,93.91408114558473,100.0,1.9181944604187449,-5.742077059106716,11.119181142196682,0.0028437075049941,0.2,0.9725566766911292,578.2787938606219,7.771561172376096e-15,3.547162563677375e-14,2.4544436998087383e-14,2.4544420244188424e-14,1.6000000000000085,0.0004277777777777,heatup->feed->hold
3,baseline,B,4,summer,none,1.0,0.0015,1801,45.00028729954115,1.1049266470987833e-12,56.22728729954059,0.9999999999821954,294.26,355.8356816353113,355.50559076886856,0.16123345372218553,0.5101287794406005,94.6268656716418,100.0,1.9214784797617732,-5.757845108168042,11.105780420425594,0.0028485760366498,0.2,0.9703418744419768,2319.739907570371,2.1649348980190553e-15,3.5388358909926865e-14,2.2051994157761694e-14,2.2051411509287726e-14,1.6000000000000085,0.0004277777777777,heatup->feed->hold
4,baseline,A,5,summer,none,1.0,0.002,1801,45.00044001255032,1.2270390211255497e-12,56.227440012549415,0.9999999999821932,294.26,355.8517307014796,355.53090542903067,0.19922605140644212,0.5260460146949754,93.91044776119402,100.0,1.918182884333508,-5.739000642670087,11.113471689854885,0.002843690343543,0.2,0.9716118397386232,578.27879386062,8.43769498715119e-15,3.530509218307998e-14,2.45439121875701e-14,2.45439121875701e-14,1.6000000000000085,0.0004666666666666,heatup->feed->hold
5,baseline,B,1,winter,none,1.0,0.0,1801,45.00028729954114,1.0799530284412404e-12,56.2272872995406,0.999999999982196,277.26,355.8012763651508,355.5076242554135,0.1661471950127424,0.5463635700913783,93.53083434099153,100.0,1.9200254704275863,-5.710329378124176,11.130084947383631,0.002846421962267,0.2,0.9717562775962236,2319.7399075703797,2.4424906541753444e-15,3.441691376337985e-14,2.158383509009944e-14,2.158315547252948e-14,1.6000000000000085,0.0004277777777777,heatup->feed->hold
6,baseline,A,2,winter,none,1.0,0.0005,1801,45.00044001255032,8.698809099644245e-13,56.22744001254979,0.9999999999821996,277.26,355.8219394533159,355.5743839429302,0.22127715820691532,0.5558560504390185,92.3262839879154,100.0,1.9184981497931488,-5.799769128753364,11.13780516239511,0.0028441577219929,0.2,0.9730298415336216,578.2787938606539,1.0658141036401503e-14,3.5360603334311236e-14,0.0,0.0,1.6000000000000085,0.0004277777777777,heatup->feed->hold
7,baseline,B,3,winter,none,1.0,0.001,1801,45.00028729954114,1.0799203390550356e-12,56.22728729954061,0.999999999982196,277.26,355.80133145750074,355.5076253464745,0.16574238034488836,0.5429334562764093,93.58741681790683,100.0,1.9200190944940232,-5.707690285357823,11.124368614795328,0.0028464125099979,0.2,0.9708130471945404,2319.7399075703797,2.886579864025407e-15,3.4861002973229915e-14,2.1582525398394076e-14,2.1582525398394076e-14,1.6000000000000085,0.0004666666666666,heatup->feed->hold
8,baseline,A,4,winter,none,1.0,0.0015,1801,45.00044001255032,8.698859334579584e-13,56.22744001254978,0.9999999999821996,277.26,355.8219341999448,355.5662081844238,0.2195512738347454,0.5560304113499339,92.32164449818622,100.0,1.9184860179326897,-5.797052082227136,11.132080440163358,0.0028441397366096,0.2,0.9720839736700276,578.2787938606529,1.021405182655144e-14,3.597122599785507e-14,0.0,0.0,1.6000000000000085,0.0004277777777777,heatup->feed->hold
9,baseline,B,5,winter,none,1.0,0.002,1801,45.00028729954114,1.0799224775117413e-12,56.227287299540585,0.999999999982196,277.26,355.80132785344887,355.5076617367112,0.16583843229623768,0.5431358849636149,93.58353510895884,100.0,1.920013341406334,-5.705010135560137,11.118658489540133,0.0028464039810927,0.2,0.9698714820765152,2319.739907570375,2.6645352591003757e-15,3.502753642692369e-14,2.1582566616266697e-14,2.1582566616266697e-14,1.6000000000000085,0.0004666666666666,heatup->feed->hold
10,baseline,A,1,summer,none,1.0,0.0,1801,45.00044001255032,1.2270245949584626e-12,56.22744001254937,0.9999999999821932,294.26,355.8517619440727,355.5307587326068,0.19911911183184475,0.5261436275617086,93.97374701670644,100.0,1.918223643720241,-5.745244967686344,11.12489680144562,0.0028437507689984,0.2,0.973503574199674,578.278793860618,7.771561172376096e-15,3.530509218307998e-14,2.4543626424244273e-14,2.4543626424244273e-14,1.6000000000000085,0.0004666666666666,heatup->feed->hold
11,baseline,B,2,summer,none,1.0,0.0005,1801,45.00028729954115,1.1049019889835222e-12,56.22728729954053,0.9999999999821954,294.26,355.8357283014675,355.5055648878233,0.16072341331816423,0.5079788136536649,94.6268656716418,100.0,1.9214869397891308,-5.7610660975466175,11.111481517649189,0.0028485885785707,0.2,0.9712845132502914,2319.7399075703547,1.7763568394002505e-15,3.5083047578154947e-14,2.2050936919482488e-14,2.2050936919482488e-14,1.6000000000000085,0.0004666666666666,heatup->feed->hold
12,baseline,A,3,summer,none,1.0,0.001,1801,45.00044001255032,1.2270646692971362e-12,56.22744001254948,0.9999999999821932,294.26,355.85167368104914,355.5309047502137,0.1996385854368392,0.526812404453608,93.91408114558473,100.0,1.9181944604187449,-5.742077059106716,11.119181142196682,0.0028437075049941,0.2,0.9725566766911292,578.2787938606219,7.771561172376096e-15,3.547162563677375e-14,2.4544436998087383e-14,2.4544420244188424e-14,1.6000000000000085,0.0004277777777777,heatup->feed->hold
13,baseline,B,4,summer,none,1.0,0.0015,1801,45.00028729954115,1.1049266470987833e-12,56.22728729954059,0.9999999999821954,294.26,355.8356816353113,355.50559076886856,0.16123345372218553,0.5101287794406005,94.6268656716418,100.0,1.9214784797617732,-5.757845108168042,11.105780420425594,0.0028485760366498,0.2,0.9703418744419768,2319.739907570371,2.1649348980190553e-15,3.5388358909926865e-14,2.2051994157761694e-14,2.2051411509287726e-14,1.6000000000000085,0.0004277777777777,heatup->feed->hold
14,baseline,A,5,summer,none,1.0,0.002,1801,45.00044001255032,1.2270390211255497e-12,56.227440012549415,0.9999999999821932,294.26,355.8517307014796,355.53090542903067,0.19922605140644212,0.5260460146949754,93.91044776119402,100.0,1.918182884333508,-5.739000642670087,11.113471689854885,0.002843690343543,0.2,0.9716118397386232,578.27879386062,8.43769498715119e-15,3.530509218307998e-14,2.45439121875701e-14,2.45439121875701e-14,1.6000000000000085,0.0004666666666666,heatup->feed->hold
15,baseline,B,1,winter,none,1.0,0.0,1801,45.00028729954114,1.0799530284412404e-12,56.2272872995406,0.999999999982196,277.26,355.8012763651508,355.5076242554135,0.1661471950127424,0.5463635700913783,93.53083434099153,100.0,1.9200254704275863,-5.710329378124176,11.130084947383631,0.002846421962267,0.2,0.9717562775962236,2319.7399075703797,2.4424906541753444e-15,3.441691376337985e-14,2.158383509009944e-14,2.158315547252948e-14,1.6000000000000085,0.0004277777777777,heatup->feed->hold
16,baseline,A,2,winter,none,1.0,0.0005,1801,45.00044001255032,8.698809099644245e-13,56.22744001254979,0.9999999999821996,277.26,355.8219394533159,355.5743839429302,0.22127715820691532,0.5558560504390185,92.3262839879154,100.0,1.9184981497931488,-5.799769128753364,11.13780516239511,0.0028441577219929,0.2,0.9730298415336216,578.2787938606539,1.0658141036401503e-14,3.5360603334311236e-14,0.0,0.0,1.6000000000000085,0.0004277777777777,heatup->feed->hold
17,baseline,B,3,winter,none,1.0,0.001,1801,45.00028729954114,1.0799203390550356e-12,56.22728729954061,0.999999999982196,277.26,355.80133145750074,355.5076253464745,0.16574238034488836,0.5429334562764093,93.58741681790683,100.0,1.9200190944940232,-5.707690285357823,11.124368614795328,0.0028464125099979,0.2,0.9708130471945404,2319.7399075703797,2.886579864025407e-15,3.4861002973229915e-14,2.1582525398394076e-14,2.1582525398394076e-14,1.6000000000000085,0.0004666666666666,heatup->feed->hold
18,baseline,A,4,winter,none,1.0,0.0015,1801,45.00044001255032,8.698859334579584e-13,56.22744001254978,0.9999999999821996,277.26,355.8219341999448,355.5662081844238,0.2195512738347454,0.5560304113499339,92.32164449818622,100.0,1.9184860179326897,-5.797052082227136,11.132080440163358,0.0028441397366096,0.2,0.9720839736700276,578.2787938606529,1.021405182655144e-14,3.597122599785507e-14,0.0,0.0,1.6000000000000085,0.0004277777777777,heatup->feed->hold
19,baseline,B,5,winter,none,1.0,0.002,1801,45.00028729954114,1.0799224775117413e-12,56.227287299540585,0.999999999982196,277.26,355.80132785344887,355.5076617367112,0.16583843229623768,0.5431358849636149,93.58353510895884,100.0,1.920013341406334,-5.705010135560137,11.118658489540133,0.0028464039810927,0.2,0.9698714820765152,2319.739907570375,2.6645352591003757e-15,3.502753642692369e-14,2.1582566616266697e-14,2.1582566616266697e-14,1.6000000000000085,0.0004666666666666,heatup->feed->hold
20,train,A,3,winter,feed_temp,0.8647298708964224,0.0008482101481555,1801,44.999999999999964,7.793359395807227e-13,56.2270000000006,0.9999999999822012,277.26,355.8302386000369,355.49012543883686,0.10043013372987895,0.27268770363178585,99.63235294117648,100.0,1.6705238830009943,-3.4702145663340165,10.671493694885292,0.0024765379117635,0.2,0.9011629281137808,578.2605840699134,4.6629367034256575e-15,3.547162563677375e-14,1.9491963642280677e-08,1.7431096900090426e-08,1.0138830712887028,0.0004595491861362,heatup->feed->hold
21,train,B,3,winter,none,0.9963047352738787,0.0010157630225858,1801,45.00045512611583,9.286953967063625e-13,56.227455126115046,0.9999999999821986,277.26,355.85434346325843,355.4998572594431,0.09657156456443607,0.32077414807151544,99.22062350119904,100.0,1.83278813048842,-4.307261528302894,11.903251293200247,0.0027170933235811,0.2259744636961024,1.0969883683925246,2319.7733758718878,3.1086244689504383e-15,3.5263458819656535e-14,1.8682199147071178e-11,1.26498810760764e-11,1.1015146038457004,0.0004042032930592,heatup->feed->hold
22,train,B,4,summer,none,1.1882447649444134,0.0015901467118523,1801,45.00012921846019,1.0624639621262704e-12,56.22712921845909,0.999999999982196,294.26,355.7857077851011,355.5047816766049,0.1387706339962166,0.4483601772207967,96.64067186562687,100.0,1.6645078978147088,-4.93650327303726,10.38496733484384,0.0024676192632233,0.2,0.8602621319480376,2319.708383071862,5.662137425588298e-15,3.574918139293004e-14,3.734937061511765e-08,3.4991993599995524e-08,1.4463132685712807,0.0003595839223793,heatup->feed->hold
23,train,A,3,winter,none,1.1001321623823954,0.0011908431570113,1801,45.00000375328412,1.0759902109575334e-12,56.2270037532828,0.999999999982196,277.26,355.7204584155897,355.6349290353895,0.28697736968312454,0.887727334996844,78.31912302070646,97.13763702801461,1.793113894126677,-6.718802935809334,11.096836008840368,0.0026582765946076,0.2,0.945511889260253,578.2607393966372,1.4432899320127035e-14,3.552713678800501e-14,2.3828604716859747e-08,2.145870569994837e-08,1.684940671471665,0.0004122738045484,heatup->feed->hold
24,train,A,4,summer,none,0.9475308527611044,0.001725466816711,1801,45.000779554597706,1.234576577039549e-12,56.22777955459632,0.9999999999821932,294.26,355.855628448768,355.50086432547266,0.10300921399374163,0.36494851449367616,98.56373429084381,100.0,2.0676426206564527,-5.084068775609946,10.585935963142925,0.0030652631729125,0.2,0.882004509100336,578.2928459903009,5.551115123125783e-16,3.522182545623309e-14,2.4743101889877625e-14,2.474309095787364e-14,1.709200220910894,0.0005043976442101,heatup->feed->hold
25,train,A,3,summer,none,1.182112765881944,0.001082723657119,1801,45.00111335794823,8.985166037887976e-13,56.22811335794765,0.9999999999821996,294.26,355.82523657319086,355.4244920493304,0.2640542176385435,0.8900706547207449,83.62989323843416,96.1447212336892,1.845777170396564,-6.540077602104997,11.570115151280522,0.0027363494683733,0.2180311186508692,1.0603008357633157,578.3066608598813,1.4654943925052066e-14,3.5416114485542494e-14,3.4053212078896376e-08,3.095637350018082e-08,1.8653914321819869,0.0003403217602324,heatup->feed->hold
26,train,A,1,winter,none,1.1619584884349103,0.0,1801,45.00013357759684,9.953064505144257e-13,56.22713357759562,0.9999999999821974,277.26,355.8589167407475,355.5356751226114,0.2063798199313009,0.6421864533703,92.02678027997565,98.66098600121728,2.251187843975788,-7.038753314775105,10.649678670927427,0.0033373674563047,0.2,0.9002903706751275,578.2661120961244,1.1754486273218845e-14,3.554795346971673e-14,0.0,0.0,1.384153581952667,0.0006043255991701,heatup->feed->hold
27,train,A,5,summer,none,0.9110733427213304,0.0022355779782881,1801,45.00000000000002,8.888787633828144e-13,56.2269999999988,0.9999999999821992,294.26,355.8057012425509,355.50726180900153,0.1221984019461408,0.3866799680779251,97.91044776119404,100.0,1.6544861384929526,-4.304713129326,11.936085455157922,0.0024527620874862,0.2284001203833398,1.109550520607087,578.2605840698374,4.218847493575595e-15,3.530509218307998e-14,2.4456057488853087e-08,2.1935709799796033e-08,1.7267012497159655,0.0004196295982362,heatup->feed->hold
28,train,A,4,summer,none,0.9828278189670372,0.0013523458262457,1801,45.00373342497576,8.57879976156058e-13,56.23073342497527,0.9999999999822008,294.26,355.8199622140805,355.6034648416077,0.21609028035903094,0.5839892015021575,92.65671641791045,100.0,2.227501163001329,-6.478250358483754,10.850384619277978,0.00330225214665,0.2,0.9397674875243218,578.4151038391071,1.304512053934559e-14,3.5638159090467525e-14,0.0,0.0,1.8324801450337205,0.0004830431907167,heatup->feed->hold
29,train,A,1,summer,none,1.0967883095052522,0.0,1801,45.00000013129114,1.2067323367154864e-12,56.22700013129052,0.9999999999821936,294.26,355.8484610979162,355.5037938231373,0.07886835051593627,0.2958125323160402,99.45945945945947,100.0,1.9456971560914416,-4.698335203507929,11.368246290061265,0.0028844800250414,0.2030125203061904,0.9881676019015564,578.2605895032162,2.4424906541753444e-15,3.5388358909926865e-14,1.1219553695528415e-12,7.497455230505081e-13,1.1699319201680964,0.0005296829605279,heatup->feed->hold
30,train,A,2,summer,none,0.9996577299965358,0.0004453686577696,1801,45.00000053310352,1.0550493990984984e-12,56.22700464545868,0.9999999999821964,294.26,355.83459869046914,355.306938682422,0.1952319141393203,0.5617248915143502,91.96642685851319,100.0,1.7449424564381044,-5.3891173881978105,11.144503665533934,0.0025868628345807,0.2048932897622611,0.996970047235376,578.2607763186671,1.5210055437364645e-14,3.552713678800501e-14,3.547756995059476e-08,2.8561747200005943e-08,1.5492181520689599,0.0004671033896943,heatup->feed->hold
31,train,A,3,summer,none,1.1073286247316527,0.0010237807667346,1801,45.00031695196921,1.2795089784374049e-12,56.22731695196833,0.9999999999821924,294.26,355.78439649929163,355.4998342234255,0.12164917107046981,0.4285617716962972,97.3621103117506,100.0,2.0376562151542243,-5.778371696034803,10.490364392472324,0.0030208085734785,0.2,0.8782296413673171,578.2737009929804,2.220446049250313e-16,3.4861002973229915e-14,2.9834372983480034e-14,2.9834372983480034e-14,1.9296522530426827,0.0004631668732942,heatup->feed->hold
32,train,A,5,summer,none,0.8331149032269481,0.0023691123157779,1801,45.00046755253975,1.095302899026319e-12,56.22746755253795,0.9999999999821956,294.26,355.8215946795766,355.6605656395779,0.23241045854362838,0.8031075795791053,85.51847437425506,97.67580452920143,2.0188182284535263,-6.240256075966976,11.000643769925473,0.0029928814131905,0.2,0.9577897841296876,578.2799336086886,1.4654943925052066e-14,3.552713678800501e-14,1.7688969673223667e-14,1.7688969673223667e-14,1.4802731413766068,0.0003875935922029,heatup->feed->hold
33,train,A,5,winter,none,1.1128689644832792,0.0021030012135395,1801,45.00007249281437,9.842579133953179e-13,56.22707249281309,0.9999999999821976,277.26,355.8088934000407,355.53885651097795,0.24743436346427453,0.6851983523506561,87.07317073170732,99.8170731707317,1.8274686203839243,-5.956489224743163,10.551485468508783,0.0027092071936192,0.2,0.8800092333210371,578.2635841354402,5.329070518200751e-15,3.547162563677375e-14,1.7993433125631798e-09,5.906476073918454e-09,1.9738654489465333,0.0004341367598676,heatup->feed->hold
34,train,A,5,summer,none,0.8369882464971572,0.0016015303505361,1801,45.00028277676415,1.1185397267090138e-12,56.22728277676236,0.9999999999821952,294.26,355.8135259627221,355.5843392820296,0.27468457165626103,0.7147899764312,85.39192399049881,99.58432304038006,1.9019567282876175,-6.862751683862846,11.965898717331784,0.002819635200711,0.2282204808526021,1.1092996331671188,578.272286656277,8.770761894538737e-15,3.5541014575812824e-14,9.528311787604705e-13,6.903059540588107e-13,1.9501288308154727,0.0004063171238979,heatup->feed->hold
35,train,A,3,winter,none,1.0003284882628738,0.0008631857875138,1801,45.000401787334056,9.93938389938267e-13,56.227401787332894,0.9999999999821976,277.26,355.81680793392155,355.5269684936378,0.18545909749747574,0.5085689255941304,94.6341463414634,99.63414634146342,2.026697080321116,-6.211641808753128,10.275566303431118,0.0030045617462583,0.2,0.8413970652642733,578.2772119048956,9.325873406851315e-15,3.552713678800501e-14,0.0,0.0,1.599276098612556,0.0005080880435238,heatup->feed->hold
36,train,A,4,summer,feed_temp,0.8865681211661469,0.0012958815970023,1801,45.00044404553509,1.0505658377545718e-12,56.22832056393651,0.9999999999821968,294.26,355.81166660667384,355.2931872625155,0.2709474948395774,0.8480879253634322,82.66346730653869,96.76064787042591,2.063923719504086,-6.959682358888979,11.079227363548396,0.0030597499325526,0.2006433236400001,0.9756546832759918,578.3152364582473,1.482147737874584e-14,3.552713678800501e-14,1.6992649445576096e-14,1.6992649445576096e-14,1.7347263995329172,0.0003918070158812,heatup->feed->hold
37,train,B,4,winter,cooling_water,0.842509321193047,0.0012165863996691,1801,45.002851157355785,8.688386355972782e-13,56.22985115735472,0.9999999999822003,277.26,355.8071506354066,355.5048883818991,0.12535751613020146,0.4610117359624496,96.02203182374541,99.69400244798041,2.1916329606594647,-6.063671588568188,10.17958309568053,0.0032490778317956,0.2,0.8273961326829058,2320.251237357432,2.220446049250313e-15,3.5083047578154947e-14,0.0,0.0,1.578607997182715,0.000485108838219,heatup->feed->hold
38,train,A,5,summer,none,0.8423021476595153,0.0019846975274238,1801,45.00000419638142,9.30759312746728e-13,56.22700419638101,0.9999999999821984,294.26,355.8090313275299,355.4986816042095,0.11737047321535596,0.3939830019836789,97.5103734439834,100.0,2.236165046237085,-5.380786432697905,11.48996693624036,0.0033150962822621,0.2144933567037455,1.042335545282585,578.2607577339317,5.637851296924623e-17,3.558264793923627e-14,0.0,0.0,1.1995551327775544,0.0004875019986958,heatup->feed->hold
39,train,A,5,summer,none,0.955958157063404,0.0020945976196657,1801,45.0001091575668,1.1859652946557332e-12,56.227109157565,0.999999999982194,294.26,355.8509658050868,355.4973456531913,0.08880813155124043,0.2675049302656901,99.70023980815348,100.0,2.188278472980669,-4.399687490827052,10.676528122127245,0.003244104831412,0.2,0.9056470672854464,578.2651014854049,5.724587470723463e-17,3.552713678800501e-14,2.0606502854595235e-14,2.0606501925530747e-14,1.3421053466627413,0.0006141205273678,heatup->feed->hold
40,train,B,2,winter,none,1.0269805560756895,0.00051351793006,1801,45.00171099252686,8.887608541063882e-13,56.23025421893934,0.9999999999822002,277.26,355.8029219653789,355.50171968685794,0.11857723264017561,0.45021029754212805,96.3275135460566,100.0,2.1506703703212158,-5.509755071366478,11.40732390819766,0.0031883511286524,0.2079791095136547,1.0101082938367787,2320.3316308559724,4.440892098500626e-16,3.530509218307998e-14,0.0,0.0,1.3975028363549669,0.0004181337082216,heatup->feed->hold
41,train,B,3,summer,none,0.9029692583441286,0.0009008709992476,1801,45.00139290916151,9.931533380354233e-13,56.22839290916077,0.9999999999821978,294.26,355.81282910550453,355.5583449148237,0.35375941211306394,1.3946690928512593,79.10714285714285,88.63095238095238,2.170761672065665,-6.880884896906864,11.275049278228902,0.0032181363181807,0.2025337710267114,0.9833746673773136,2319.9603971869533,7.993605777301127e-15,3.5360603334311236e-14,0.0,0.0,1.973509674079338,0.0003838783934986,heatup->feed->hold
42,train,A,4,summer,none,0.899842537967459,0.001364216899909,1801,45.00168709527226,9.993010654352248e-13,56.228687095271866,0.9999999999821976,294.26,355.8191844903984,355.6080438518125,0.3297129755228071,1.0573079127908327,79.20143027413587,93.3849821215733,2.308331447570946,-7.098894522959298,11.01568039020854,0.0034220823784667,0.2,0.9595102706403956,578.3304062506448,1.2434497875801753e-14,3.552713678800501e-14,0.0,0.0,1.7192348425407857,0.0005250274327531,heatup->feed->hold
43,train,A,3,winter,none,1.1313418501482635,0.0011349341401845,1801,45.00010166866748,1.0520628672433116e-12,56.22710166866664,0.9999999999821964,277.26,355.81140710256733,355.50089933974124,0.13838110891735594,0.4328187733615209,96.6867469879518,100.0,2.185233729505183,-5.650907635850118,11.095949010751085,0.0032395910242612,0.2016994615779029,0.9809065945591392,578.2647915613654,2.6645352591003757e-15,3.534672554650342e-14,2.4071431702336262e-14,2.407073626509296e-14,1.292329033752921,0.0004100395775365,heatup->feed->hold
44,train,A,3,winter,none,1.0375322268639848,0.001026264120774,1801,45.00042827846743,1.052078576062274e-12,56.22742827846594,0.9999999999821964,277.26,355.8391883403212,355.5224518791381,0.17962471741699754,0.5178525621391713,94.43436176648518,100.0,1.7401288828158468,-5.364285363601473,11.064008763046768,0.002579726751291,0.2,0.9507234343959248,578.2783082436733,5.329070518200751e-15,3.4937330806172895e-14,2.0475300942841512e-08,1.9036059199979173e-08,1.1814763909685553,0.0003906544529815,heatup->feed->hold
45,train,A,4,summer,none,0.9166008170716832,0.0016837994269814,1801,45.00014699839405,1.0818048698975746e-12,56.22714699839227,0.9999999999821958,294.26,355.815913526829,355.6140787647621,0.18910239283446237,0.4908562486787899,95.2067106051528,100.0,1.6479496533659272,-5.113833940789766,10.629928445438368,0.0024430718020664,0.2,0.8956542675858191,578.2666675095927,1.3322676295501878e-14,3.544387006115812e-14,6.084034286204103e-08,5.459034140009589e-08,1.5853969907222663,0.0003821852411893,heatup->feed->hold
46,train,A,4,winter,none,1.000879632168495,0.0015561391980715,1801,45.00055346049641,9.489781367163237e-13,56.22755346049556,0.9999999999821982,277.26,355.824287883368,355.5672592910237,0.2253642428853369,0.5814555838817168,92.08459214501511,100.0,1.999495698752894,-6.026836059476105,11.350029202722492,0.0029642359218917,0.205594356175358,0.9994973448552344,578.283488937459,1.1546319456101628e-14,3.552713678800501e-14,0.0,0.0,1.4374817068796375,0.0004213114081483,heatup->feed->hold
47,train,A,4,summer,none,0.8601981199018658,0.001492605259115,1801,45.00112192695349,9.897023086809233e-13,56.22812192695284,0.9999999999821978,294.26,355.8304672909016,355.50371363061527,0.11378733828112976,0.39142629653453564,98.33333333333333,100.0,1.8000266509313678,-4.795287344183501,11.17349721801229,0.0026685246996936,0.2031235438653932,0.987550125752481,578.307015502001,2.6922908347160046e-15,3.552713678800501e-14,2.4330372059074175e-09,2.4330370999164908e-09,1.3282158713407952,0.0003547326037727,heatup->feed->hold
48,train,A,5,winter,none,1.092656496770254,0.0021898458181395,1801,45.00060952429904,1.0185555413447465e-12,56.22774204160643,0.9999999999821972,277.26,355.73132919214737,355.317617638062,0.3246351618049977,1.084759395695323,74.96984318455972,92.88299155609168,2.1738478910057144,-7.856363409325307,11.534824206823796,0.0032227116123665,0.213296996211967,1.0363542813693205,578.2912934830697,1.554312234475219e-14,3.5416114485542494e-14,2.136365828351985e-14,2.1363533315698327e-14,1.9642636815887258,0.0004103673564937,heatup->feed->hold
49,train,A,1,summer,none,1.0201121366387964,0.0,1801,45.00245125592412,8.750873120793899e-13,56.22945125592354,0.9999999999822002,294.26,355.8515946341246,355.4999872666916,0.07513593100334141,0.3213541983098622,99.28400954653938,100.0,2.2211448150812614,-4.634735663992792,11.00789530987925,0.0032928289131575,0.2,0.9540294352501946,578.3620338194442,5.551115123125783e-17,3.5083047578154947e-14,0.0,0.0,1.5164345242915758,0.0005080948172957,heatup->feed->hold
50,train,B,2,winter,none,1.1947634969676273,0.0004198429208811,1801,45.00048006270959,9.50106141712568e-13,56.22863621547818,0.9999999999821986,277.26,355.8120744961475,355.5376152715693,0.21280751153679842,0.5916937305722059,91.68173598553345,98.73417721518987,2.1480457410981137,-6.867486880364347,11.630180174362438,0.0031844601374241,0.2163505105366552,1.050829950468256,2320.008921453576,7.16093850883226e-15,3.552713678800501e-14,0.0,0.0,1.7378929725048664,0.0004207253618993,heatup->feed->hold
51,train,A,4,summer,none,1.064453143652466,0.0012324753680934,1801,45.00144244170467,9.655314746490029e-13,56.22844244170335,0.9999999999821982,294.26,355.78655766347987,355.6436817246111,0.2801066755358385,1.0218377074284368,77.6386404293381,94.63327370304114,2.299339338246789,-7.766686268070996,10.900248256117232,0.0034087516503792,0.2,0.9313545160803952,578.3202806349072,1.554312234475219e-14,3.552713678800501e-14,0.0,0.0,1.9934814764146154,0.0005591135741731,heatup->feed->hold
52,train,B,4,winter,none,0.8453196150555167,0.0017793447233912,1801,45.000192452159865,1.0387034554873124e-12,56.22719245215901,0.9999999999821966,277.26,355.79014934704304,355.6219575881004,0.21496260323791075,0.9774755293198325,88.55239248940036,95.15445184736522,2.123591594089284,-5.9640050783155,10.715206963013024,0.0031482070656881,0.2,0.9209674481177964,2319.720993084681,1.5765166949677223e-14,3.558264793923627e-14,1.6038530599666362e-14,1.6038530599666362e-14,1.7447065054626734,0.0005009680847584,heatup->feed->hold
53,train,B,1,summer,none,1.1154285471606098,0.0,1801,45.002282892603134,1.2226227133178698e-12,56.2292828926016,0.999999999982194,294.26,355.79515582925575,355.49658632423603,0.09298799789626079,0.4225060425234005,97.376267143709,100.0,2.1536466911069034,-5.262054223423926,11.130555835337416,0.0031927634997285,0.2,0.9664780089951686,2320.1378965320096,5.898059818321144e-17,3.5138558729386205e-14,2.592166732624165e-14,2.592166732624165e-14,1.8337056585951501,0.0004231301193793,heatup->feed->hold
54,train,B,3,winter,none,1.11448075850116,0.0011105316840617,1801,45.000207541385976,1.0527666681734544e-12,56.22720754138484,0.9999999999821964,277.26,355.7723316101634,355.5231158351756,0.18525456003330928,0.6392779459976623,90.89242053789731,99.08312958435208,1.7042810038321898,-5.64143209422221,10.199787544892445,0.0025265825656479,0.2,0.8319736280603097,2319.724002173523,5.329070518200751e-15,3.4861002973229915e-14,3.308039133471213e-08,3.3061203600324995e-08,1.3738542996634848,0.0003365836503634,heatup->feed->hold
55,train,A,3,winter,cooling_water,0.8049589625171043,0.0009415051843987,1801,45.00090229858187,1.056110820759336e-12,56.22790229858088,0.9999999999821964,277.26,355.89591307485074,355.5490620517832,0.26810738273335666,0.8388725698306357,85.55018137847642,97.1584038694075,2.149616805621505,-6.050192330914453,10.91643696184353,0.0031867892276536,0.2,0.9345353560100608,578.2979258762344,1.0769163338864018e-14,3.5638159090467525e-14,1.6442659524584182e-14,1.64425372907606e-14,1.3964792295308612,0.000417012483205,heatup->feed->hold
56,train,B,3,winter,cooling_water,1.0587028219562336,0.0010979645499259,1801,45.00209655622347,9.96502500909089e-13,56.229096556222856,0.999999999982198,277.26,355.8475451069016,355.4974862766772,0.0984739820256017,0.26776670431313787,99.63942307692307,100.0,2.089750673329079,-4.025420846403099,11.50237671139868,0.0030980381790984,0.212521516332555,1.0316661094513668,2320.100732525561,2.220446049250313e-16,3.5138558729386205e-14,0.0,0.0,1.1283648789794256,0.0004503117610499,heatup->feed->hold
57,train,A,2,summer,none,0.8849424439721069,0.0004338091710207,1801,45.000001140013886,1.075461529803008e-12,56.22700114001252,0.999999999982196,294.26,355.85590611243504,355.4911632110652,0.09639299900655132,0.28702096561210055,99.69824984912492,100.0,1.643075509765108,-3.5454453511663035,10.53521236526896,0.0024358459242818,0.2,0.8774122254376592,578.2606312484186,4.551914400963142e-15,3.5110803153770576e-14,1.9478015000060946e-08,1.8927584600342273e-08,1.0368761672165476,0.0004280649400757,heatup->feed->hold
58,train,A,1,summer,none,1.1129092676338437,0.0,1801,45.00119219561217,1.2186500960013058e-12,56.23141980679147,0.9999999999821948,294.26,355.81734833026854,355.794909666885,0.33753977028015414,1.270172831948207,78.13620071684588,90.02389486260454,2.45482706427635,-6.577606120667653,10.776758879554908,0.0036392609248915,0.2,0.9230465759094842,578.4435151766984,1.4876988529977098e-14,3.552713678800501e-14,2.456615133770556e-14,2.456615133770556e-14,1.9648358495583267,0.0004639815592401,heatup->feed->hold
59,train,A,5,summer,cooling_water,0.9739667438464052,0.00206619251379,1801,45.00120990226617,1.1278519878657328e-12,56.22820990226558,0.9999999999821954,294.26,355.83177847074774,355.5027703621469,0.1158860955225092,0.3699444479905677,98.09523809523809,100.0,2.0644380274684893,-5.219112245194582,11.170729815922378,0.0030605123898782,0.2035393154134128,0.9891230262972708,578.3106565114813,5.724587470723463e-17,3.4638958368304884e-14,1.9969217774285016e-14,1.9969217774285016e-14,1.411173411979675,0.0004506245077281,heatup->feed->hold
60,train,A,4,winter,pulse_feed,1.0037996979744748,0.0012246255095518,1801,45.00104289141469,8.59960247114256e-13,56.22804289141357,0.9999999999822,277.26,355.8046381036556,355.5071413680733,0.09985378657405619,0.3612463049115148,98.18071558520315,99.87871437234688,2.1189517635892043,-5.930974130001415,10.532897320992475,0.0031413285551475,0.2,0.8903184141515895,578.3037444944365,1.5543122344752192e-15,3.4861002973229915e-14,0.0,0.0,1.3081464745587112,0.0004388191656353,heatup->feed->hold
61,train,A,4,winter,none,0.961702954258192,0.0015418903083501,1801,45.00000667866072,1.0447743331188325e-12,56.22700667865901,0.9999999999821964,277.26,355.82118839219487,355.51353095060426,0.17040439791957038,0.4935071709042858,95.34598897734232,100.0,1.933126030231589,-5.560407565871167,10.540591588150944,0.0028658434343872,0.2,0.8817451609918977,578.2608604611423,3.1086244689504383e-15,3.547162563677375e-14,2.0750804972584443e-14,2.0750627143568782e-14,1.66528900225331,0.0005122724163691,heatup->feed->hold
62,train,B,1,winter,none,1.0009939960512946,0.0,1801,45.00001158496436,1.233178616120918e-12,56.22701158496355,0.999999999982193,277.26,355.81231032272444,355.4042314813199,0.2168973809317239,0.6880134194569844,92.19035997559487,97.3764490543014,1.8409642986601813,-5.962363510441483,10.502269824548502,0.0027292144256236,0.2,0.87282211062492,2319.684924835686,1.4238610290817633e-14,3.552713678800501e-14,3.659248543512797e-08,3.669926600000052e-08,1.731649742857023,0.0004283745217358,heatup->feed->hold
63,train,B,1,winter,cooling_water,0.9889691592334412,0.0,1801,45.000004769742,1.2133116548294033e-12,56.22704717734359,0.9999999999821936,277.26,355.81561782502143,355.5053627336447,0.16412412807214619,0.528344960782467,94.13919413919413,99.63369963369964,1.7543912033903926,-5.936531911917888,10.816173173732205,0.0026008705241948,0.2,0.9410959131890616,2319.6920225777067,4.884981308350689e-15,3.530509218307998e-14,1.7007147806637726e-08,2.1493871699997374e-08,1.2920993991422662,0.0003904739678601,heatup->feed->hold
64,train,A,3,winter,feed_temp,1.0696823658790264,0.0011845507569066,1801,45.00032486943456,8.837444996871247e-13,56.227324869434106,0.9999999999821996,277.26,355.8050367884507,355.5471038329848,0.2386547908831706,0.6458480796640629,88.62131246237207,99.578567128236,1.733608021711676,-6.110647056187562,11.32717601729158,0.0025700596283566,0.2070160825153607,1.0066984316900882,578.2740286567081,6.661338147750939e-15,3.5360603334311236e-14,5.4210433077585984e-08,4.7896691299969055e-08,1.4035863025647046,0.0003450344123595,heatup->feed->hold
65,train,A,5,winter,none,0.8292635413668592,0.0022756120076422,1801,45.00071637428106,1.0283661938800168e-12,56.22849045586132,0.9999999999821972,277.26,355.80265517480905,355.4259982040707,0.21066899115892804,0.7085216101799687,87.6357056694813,98.79372738238843,2.2650983392594566,-6.782688363608632,11.087237378105511,0.0033579896511095,0.2,0.9663313180433286,578.3222678140066,1.4765966227514582e-14,3.547162563677375e-14,1.6077994423129604e-14,1.6077994423129604e-14,1.5929242277491653,0.0004322244916085,heatup->feed->hold
66,train,A,3,summer,none,1.1686399289608418,0.0011072501581931,1801,45.00042686310651,1.049163579451039e-12,56.22742686310614,0.9999999999821964,294.26,355.79304685247763,355.4964203279768,0.08642645251404496,0.32551852273562076,99.63985594237695,100.0,1.9552911186984652,-4.086776600543583,10.320895618738492,0.0028987029956688,0.2,0.8515721627165961,578.278249668797,1.7763568394002505e-15,3.4861002973229915e-14,2.4277911737038492e-14,2.4277874549197957e-14,1.2160030447046921,0.0004579586190481,heatup->feed->hold
67,train,A,5,summer,feed_temp,1.0929663196559714,0.0016605166228914,1801,45.00000010346089,9.184219265762273e-13,56.22700010346079,0.9999999999821988,294.26,355.81412069543575,355.71506133087377,0.20786367580694934,0.6115559060796585,90.94202898550725,99.7584541062802,1.7580541328093715,-6.369164754716028,10.690422663542323,0.0026063007869205,0.2,0.901117378550537,578.2605883515197,1.4654943925052066e-14,3.552713678800501e-14,2.7289351499918584e-08,2.5772360200007702e-08,1.8682203638662003,0.0004599937812101,heatup->feed->hold
68,train,A,2,winter,feed_temp,1.136196918521792,0.000456121919838,1801,45.00053357270932,1.0990541379432798e-12,56.227533572708566,0.9999999999821956,277.26,355.8045260460366,355.5089186728011,0.09067467697012435,0.3314265457849811,99.22248803827752,100.0,1.955584434084262,-4.65086545848976,11.825688294334952,0.0028991378333149,0.2239242986789079,1.089524619933915,578.2826658735233,1.7763568394002505e-15,3.4861002973229915e-14,2.279925063758985e-14,2.279887261588595e-14,1.20426717769152,0.0004067677458585,heatup->feed->hold
69,train,A,5,summer,none,1.1300964976824952,0.0021645941327567,1801,45.002861004845656,8.945039533451447e-13,56.22986100484507,0.9999999999822,294.26,355.79157878075824,355.4996890937077,0.07895187796924673,0.30262664171151527,99.16617033948779,100.0,2.227733578044028,-5.02254687620426,10.979889123730436,0.0033025967000385,0.2,0.960488600902764,578.3789932805623,5.637851296924623e-17,3.530509218307998e-14,0.0,0.0,1.1248379700400974,0.0004525768736594,heatup->feed->hold
70,train,A,2,winter,none,0.8423539875797427,0.0004856484974359,1801,45.00002683962479,1.2024685644685822e-12,56.22702683962458,0.9999999999821936,277.26,355.81799859500035,355.491357308939,0.10511683970217739,0.3323033496403409,99.08647990255785,100.0,1.6533240339825692,-3.806149445362512,10.790741654081222,0.0024510392771111,0.2,0.8756840525785837,578.261694808092,6.994405055138486e-15,3.552713678800501e-14,3.901377599513037e-08,4.32123948000164e-08,1.233510127885161,0.000355561378709,heatup->feed->hold
71,train,A,4,winter,none,0.9339363457386264,0.001423149487474,1801,45.00109394680586,9.083887456903452e-13,56.228093946805416,0.9999999999821992,277.26,355.77690010735364,355.48563711574724,0.22681017462750536,0.7511838610709215,85.50811785929045,98.31629585087191,2.05650610998495,-6.911066806347022,11.3613851522097,0.0030487533874713,0.2057226250005049,1.0002258061244067,578.3058574989744,1.509903313490213e-14,3.547162563677375e-14,0.0,0.0,1.532345938753636,0.0004261287985622,heatup->feed->hold
72,train,A,3,winter,none,1.189189604030206,0.0009200386364845,1801,45.0000751780873,1.1134196254600674e-12,56.22707517808679,0.9999999999821952,277.26,355.83932287367105,355.53837409881095,0.19790324945153606,0.528198086691824,94.40433212996389,100.0,1.804600786090956,-5.57367484528598,11.654161541985086,0.0026753058174325,0.2183421909701735,1.0619585930547393,578.263695263866,8.43769498715119e-15,3.5541014575812824e-14,1.9519050683890855e-09,4.742218199941042e-09,1.1869280560179618,0.0004589372364019,heatup->feed->hold
73,train,A,4,summer,none,0.9430909452694004,0.0016511017063978,1801,45.00000222497341,1.0972799201550021e-12,56.22700222497185,0.9999999999821956,294.26,355.81816371355706,355.5214364603756,0.21205510868760188,0.5449319125108445,93.595166163142,99.57703927492447,1.9571083992778,-5.723357460184215,10.222108558377595,0.0029013970991754,0.2,0.8407124478534498,578.2606761486389,1.4210854715202004e-14,3.5416114485542494e-14,1.621846917428844e-12,1.6219477021578814e-12,1.422117682104151,0.0005582506231163,heatup->feed->hold
74,train,A,1,winter,none,0.8162613109931424,0.0,1801,45.00004725939549,9.343718950483269e-13,56.22704725939472,0.9999999999821984,277.26,355.81697601719395,355.7333719041135,0.2934812670723944,0.940858886346561,81.16646415552854,96.11178614823815,2.1102157054276263,-6.6322285560578536,10.73369791778998,0.0031283774208017,0.2,0.9182334452254308,578.2625398663855,1.4210854715202004e-14,3.547856453067766e-14,0.0,0.0,1.3237519305629206,0.0005603549477564,heatup->feed->hold
75,train,B,2,winter,none,0.9332194573709254,0.0005582116361761,1801,45.00000370699983,1.2108446648460684e-12,56.22700370699841,0.9999999999821936,277.26,355.8467216014253,355.48764150160883,0.11355928458232406,0.2793633511824507,99.69306322897484,100.0,1.9973424315474992,-3.861233413505246,10.460966668709473,0.0029610437209765,0.2,0.8649180073056603,2319.6833538341475,1.9984014443252818e-15,3.519406988061746e-14,2.2606526442475116e-14,2.2606526442475116e-14,1.102893810115802,0.0006137374553709,heatup->feed->hold
76,train,A,5,winter,feed_temp,1.0963846508667507,0.0021914350124318,1801,45.00018801363412,1.1837761776122413e-12,56.2271880136321,0.999999999982194,277.26,355.8439971172049,355.54360217275234,0.30076701438971526,0.9915217431453864,78.26876513317191,95.27845036319611,2.099722908671554,-5.839153860137464,10.950631701642989,0.0031128219359438,0.2,0.9414797839245826,578.2683649087246,8.770761894538737e-15,3.552713678800501e-14,2.5638870207751537e-14,2.563853355911095e-14,1.7661896526851848,0.0004305978121818,heatup->feed->hold
77,train,A,1,summer,none,0.9396903542646144,0.0,1801,45.00370256119994,8.566479846961651e-13,56.23070256119976,0.9999999999822008,294.26,355.82347891451275,355.5676627419183,0.19930961975299083,0.521214152159257,94.20203227734608,100.0,2.1109223115472764,-6.20056154030168,10.740079333433604,0.0031294249585603,0.2,0.9109222033503358,578.4138263212942,1.1324274851176597e-14,3.5416114485542494e-14,0.0,0.0,1.9949251073418424,0.000452066636458,heatup->feed->hold
78,train,A,5,summer,feed_temp,0.9999344524347832,0.0018269456785599,1801,44.99999999999997,8.681090393939568e-13,56.22700000000064,0.9999999999821996,294.26,355.77050129249227,355.71843658651227,0.3806280429775054,1.200336449030851,72.72178636089318,91.43029571514786,1.856883322636668,-7.57482799419801,10.65484725235015,0.0027528142476897,0.2,0.907508745087013,578.2605840699185,1.4654943925052066e-14,3.547162563677375e-14,9.146589140605736e-09,9.473633926288167e-09,1.9895466183150035,0.0004647788280798,heatup->feed->hold
79,train,A,1,summer,pulse_feed,1.078950917612412,0.0,1801,45.000004762163066,1.0147242300421408e-12,56.227004762161975,0.9999999999821968,294.26,355.81617637887456,355.60826029203787,0.2109902571515229,0.5112066060713799,94.45114595898673,100.0,1.8191695817540867,-5.413598387635163,10.734930564955716,0.0026969039371335,0.2,0.909593743383698,578.2607811483474,1.2434497875801753e-14,3.5541014575812824e-14,2.7931870871797616e-09,3.5362284011054303e-09,1.7007727081409953,0.0004692126112687,heatup->feed->hold
80,train,A,1,winter,none,0.8070420211807438,0.0,1801,45.00000546410481,1.0791963449006904e-12,56.22700546410428,0.9999999999821958,277.26,355.81493429491763,355.56455927496893,0.21973224375241626,0.5716403491242573,92.13075060532687,99.93946731234867,1.724129117324312,-5.728872421772804,10.85014426692768,0.0025560072305931,0.2,0.9347958495824844,578.2608101976997,1.0658141036401503e-14,3.533284775869561e-14,2.4943884625525273e-08,2.4737418099997268e-08,1.52567034403868,0.0003947055233611,heatup->feed->hold
81,train,A,3,winter,cooling_water,0.8749705070909167,0.0009661154113016,1801,45.00106874181336,9.322081787225697e-13,56.228068741812514,0.9999999999821988,277.26,355.83501198422715,355.5196078721415,0.18667799115848044,0.5526855166922527,93.83770591824283,100.0,1.988232316578196,-5.76920325892996,10.22974331586148,0.0029475380504909,0.2,0.839175875144098,578.3048143515629,3.1086244689504383e-15,3.472222509515177e-14,0.0,0.0,1.3820637884860858,0.0003995149150445,heatup->feed->hold
82,train,A,3,winter,none,0.8667483717333568,0.0011518424215975,1801,45.00068264033888,8.828357517050684e-13,56.22768264033797,0.9999999999821996,277.26,355.8127646497179,355.6224687093673,0.19960247607047296,0.561625768853844,93.05301645338209,100.0,1.7495733645650242,-6.220622859216265,10.866956883898414,0.0025937281177765,0.2,0.8984214396194183,578.2888351167803,1.4210854715202004e-14,3.545080895506203e-14,4.111882199996379e-08,3.758010050022853e-08,1.7410616519344444,0.0003407437541899,heatup->feed->hold
83,train,A,5,winter,cooling_water,1.1356446676346443,0.0016349236429879,1801,45.00032226077504,9.742450927354234e-13,56.227322260773455,0.9999999999821978,277.26,355.7025126075496,355.424870134523,0.29256611505096647,0.9303933200478695,77.30838865419433,96.86179843089921,1.7791095293498191,-6.976838120979833,11.028557573440176,0.0026375152390515,0.2002564456937027,0.9735181457251828,578.27392069747,1.4654943925052066e-14,3.574918139293004e-14,3.370783353289397e-08,3.3643148100292314e-08,1.8042377458973036,0.000384968265395,heatup->feed->hold
84,train,B,2,winter,none,0.8061879020142542,0.0004310283170514,1801,44.999999999999964,8.848525160242047e-13,56.22699999999915,0.9999999999821992,277.26,355.8031857859269,355.50464872931326,0.16043080134298934,0.5062327465363694,94.73046638400969,100.0,1.6982233350819949,-5.282755136452595,11.616339763029902,0.0025176021215672,0.2168343165981211,1.0531752055444976,2319.682614595238,4.0245584642661925e-15,3.486794186713382e-14,1.3092436138267133e-08,1.413099919977262e-08,1.1652939126931656,0.0004767706832768,heatup->feed->hold
85,train,A,4,summer,none,0.9825996245480992,0.0017544231232919,1801,45.00212399155551,1.129109286426e-12,56.22912399155482,0.9999999999821956,294.26,355.7912010355712,355.18405501915174,0.294446550505112,0.8623576857471278,83.27402135231317,96.55990510083036,2.119106945546445,-7.4163158853439395,11.633404318286528,0.0031415586111223,0.2185989286541628,1.0624580715077163,578.3484886408946,1.5210055437364645e-14,3.5638159090467525e-14,2.1554911369757543e-14,2.1554859887961136e-14,1.700013425094454,0.0003979060856179,heatup->feed->hold
86,train,A,1,winter,none,0.8333360344179153,0.0,1801,45.001326896341865,9.035384987754335e-13,56.22832689634053,0.9999999999821994,277.26,355.8146956961183,355.5847785462805,0.2703272199391555,0.870026921207295,83.92749244712991,96.79758308157099,2.3846070142721065,-9.003839360269067,11.060671149791268,0.0035351602785188,0.2,0.9596466270652322,578.3154985378014,1.176836406102666e-14,3.5388358909926865e-14,0.0,0.0,1.9779700767957564,0.0005003235367949,heatup->feed->hold
87,train,A,1,winter,none,1.124728025374616,0.0,1801,45.00166091237679,9.54457584225885e-13,56.22866091237526,0.9999999999821986,277.26,355.7290434497462,355.40758901454467,0.29763286364080366,1.1599354982486716,78.49331713244229,91.06925880923451,2.4322114959233474,-6.011532532671277,10.570685687816749,0.0036057335308852,0.2,0.8803004508895024,578.3293225982032,1.4876988529977098e-14,3.530509218307998e-14,0.0,0.0,1.8059465391790752,0.0005207745184363,heatup->feed->hold
88,train,B,2,summer,pulse_feed,0.8624657993465592,0.000451241120582,1801,45.00015466109031,1.0856227391548458e-12,56.22715466108889,0.9999999999821956,294.26,355.81501756549613,355.6493506233233,0.26877836337979,1.0335310102127886,85.95337716676629,94.68021518230724,2.0248502800707397,-6.5992258504444345,10.892100570914868,0.0030018238800823,0.2,0.950560131091409,2319.713456814016,1.432187701766452e-14,3.530509218307998e-14,2.704821007552748e-08,2.6544674599886242e-08,1.9438205614441344,0.0004054559949103,heatup->feed->hold
89,train,B,1,winter,none,0.820585018806785,0.0,1801,45.00062505523095,1.0052685924696377e-12,56.22762505523014,0.9999999999821974,277.26,355.8269755694764,355.50491473371994,0.1610041667114918,0.4405109362706752,96.68508287292818,100.0,2.021066601669617,-4.729736679937563,10.25130752586236,0.0029962146079841,0.2,0.8392355722079109,2319.8072638424032,7.674416657721395e-15,3.54230533794464e-14,1.6686616320370452e-14,1.668642245662428e-14,1.2637555946989139,0.0004024663300121,heatup->feed->hold
90,train,A,3,summer,pulse_feed,1.1254445549656436,0.001076951174678,1801,45.00116990434814,1.2692431074499149e-12,56.228169904346814,0.9999999999821928,294.26,355.7980014974527,355.1624898097509,0.3642335954758379,1.2196159652804197,76.90476190476191,91.07142857142857,2.12194743817084,-7.626978097138732,11.049890873266223,0.0031457696180668,0.2,0.9714078151196208,578.3090011268365,1.4765966227514582e-14,3.552713678800501e-14,2.96977310928611e-14,2.96977310928611e-14,1.9011371439567242,0.0004298522754731,heatup->feed->hold
91,train,A,1,winter,none,1.1621086140309165,0.0,1801,45.00011460345426,9.681262899440817e-13,56.227114603453664,0.999999999982198,277.26,355.80853953622454,355.44168625763194,0.19722470456454494,0.6040948182326699,91.0248635536689,99.87871437234688,1.7386322839473736,-5.792493703702576,10.909778423747635,0.0025775080557822,0.2,0.9374211354775256,578.2653268606745,1.4765966227514582e-14,3.552713678800501e-14,3.83926120330235e-08,3.839261200015015e-08,1.4000909924577698,0.0003728946292068,heatup->feed->hold
92,train,B,5,winter,none,1.099063697848615,0.001996938606922,1801,45.00031309977195,9.689251946263317e-13,56.22731309977026,0.999999999982198,277.26,355.8088362940821,355.4992926804269,0.24490158875740867,1.0237012311293596,83.17365269461078,94.73053892215569,2.1362272757034577,-6.765652382915143,11.886058487361204,0.0031669393597169,0.2266532799488637,1.0993388334382244,2319.745052678292,1.4876988529977098e-14,3.574918139293004e-14,0.0,0.0,1.8167330683834422,0.0004790976471338,heatup->feed->hold
93,train,A,2,winter,none,0.8487495652585452,0.0005918903868467,1801,45.00303161591078,9.185987155804026e-13,56.23003161591022,0.9999999999821996,277.26,355.81336494482053,355.51266124511665,0.11789982195287109,0.47049040216582794,95.26378896882494,99.40047961630695,2.273636651284582,-5.685950823907178,11.409736421817597,0.003370647628435,0.2148651945679876,1.045347899222801,578.3860549583218,8.881784197001252e-16,3.559652572704408e-14,0.0,0.0,1.0278831373308464,0.0004547357480496,heatup->feed->hold
94,train,A,3,winter,none,0.8721587869285146,0.0008781031329154,1801,45.00005781450133,1.1688730864434117e-12,56.22705781449989,0.999999999982194,277.26,355.8504192328647,355.5204683809706,0.18363615348963783,0.5218584801330337,94.32367149758454,100.0,2.1462718890218824,-6.14251542585984,11.24781977280323,0.0031818304163161,0.2045381807212619,0.9949026276435816,578.2629766825594,5.329070518200751e-15,3.552713678800501e-14,2.2337652789907423e-14,2.2337652789907423e-14,1.3944426570051434,0.00041373738769180006,heatup->feed->hold
95,train,A,2,winter,feed_temp,1.1337376011054898,0.0004256214597791,1801,45.00153892737442,8.398035249536422e-13,56.22853892737316,0.9999999999822006,277.26,355.79529212591376,355.4754651545502,0.2399494732698693,0.7053833077556646,87.24304715840387,98.42805320435308,2.262913447724935,-7.542213189855977,10.91625796103822,0.0033547505673865,0.2,0.9400676010687286,578.3242739267574,1.4876988529977098e-14,3.552713678800501e-14,0.0,0.0,1.958559217665936,0.0005111406863271,heatup->feed->hold
96,train,A,3,summer,none,0.8039583982803267,0.0010285500183932,1801,45.00069995891336,9.570186799030452e-13,56.22769995891199,0.999999999982198,294.26,355.85792327774146,355.502435307384,0.09656871779519556,0.293774401052576,99.46714031971581,100.0,1.883326262758824,-4.617398719420201,11.897872566134131,0.0027920156888528,0.2224769580281837,1.0819533016383227,578.2895518582507,2.275957200481571e-15,3.524958103184872e-14,5.4910224894816335e-14,4.026678577299547e-14,1.1672991977436098,0.0003785384386496,heatup->feed->hold
97,train,B,4,winter,none,0.9781972899919468,0.0015792290856481,1801,45.000063884414615,9.36506118483099e-13,56.22753343326973,0.9999999999821984,277.26,355.69946335870816,355.4872247594489,0.20694482543777257,0.779463478535079,85.78342407743497,98.79007864488808,2.0436581808276078,-6.945812849760515,11.68943295486232,0.0030297064382061,0.2201637479431684,1.068294549255086,2319.7889921631486,1.4654943925052066e-14,3.5638159090467525e-14,0.0,0.0,1.8379671125193155,0.000477527200055,heatup->feed->hold
98,train,A,5,winter,pulse_feed,1.1559257147995965,0.0023527545655414,1801,45.00017976360878,9.516189861050784e-13,56.22827626151544,0.9999999999821984,277.26,355.8027136370909,355.4001827473971,0.2806684889922762,0.8657482071415753,77.14113389626056,98.67310012062727,2.012534251820387,-5.876771455297811,11.584611068105628,0.0029835654695353,0.2205762081947393,1.0715065251981086,578.3134029139545,1.509903313490213e-14,3.552713678800501e-14,4.234760493289847e-08,3.9748620800188206e-08,1.9668873592389247,0.0003524574296514,heatup->feed->hold
99,train,A,1,winter,none,1.1096257541730317,0.0,1801,45.0006945970872,9.832692037779655e-13,56.22769459708626,0.9999999999821978,277.26,355.7488087910222,355.3657718061886,0.2189453761560004,0.7612800404009247,87.08708708708708,98.43843843843844,1.9644855890497397,-7.339020745622171,11.27941021195262,0.002912333722314,0.2065144711796087,1.0052121634879156,578.2893299552176,1.4210854715202004e-14,3.5360603334311236e-14,3.5671981132254306e-12,2.4234002964674522e-12,1.8760498379812347,0.0003641571979519,heatup->feed->hold
100,train,A,5,winter,none,0.9951976511511136,0.0018140952342032,1801,45.00045580593597,1.1161670895985893e-12,56.22745580593527,0.9999999999821954,277.26,355.799350820284,355.52945305399635,0.2894692537198437,0.8872197698599102,81.73543689320388,96.72330097087378,2.0194492318173216,-6.763255424959566,10.7441155119185,0.0029938168704855,0.2,0.9322582882359928,578.2794474729333,1.509903313490213e-14,3.552713678800501e-14,2.11563870914013e-14,2.115632006689301e-14,1.3695916159761552,0.0003840305882557,heatup->feed->hold
101,train,A,4,summer,none,1.088584244423556,0.0014898080168526,1801,45.000997854659154,1.1470265449303712e-12,56.22799785465708,0.999999999982195,294.26,355.8347718881372,355.51203095527086,0.16526933467973817,0.44430561250667305,96.89181111775254,100.0,1.93159660798228,-5.319361915241666,10.661674807040669,0.0028635760784864,0.2,0.899188515814021,578.3018805847994,6.217248937900877e-15,3.5416114485542494e-14,2.3370997579598984e-14,2.3370997579598984e-14,1.3496519631064743,0.000440741238332,heatup->feed->hold
102,train,B,4,summer,none,0.9076860789250992,0.0016413186307893,1801,45.00055711401999,9.188870667417501e-13,56.22755711401856,0.9999999999821988,294.26,355.8102075869378,355.51680661432124,0.25012909533335465,0.857005019748547,81.97604790419162,98.20359281437125,2.151614645001988,-6.658862381320966,10.878502332175126,0.0031897510080973,0.2,0.9488810859230064,2319.7937146781337,1.4314938123760612e-14,3.5638159090467525e-14,0.0,0.0,1.996750339405331,0.0004672405133851,heatup->feed->hold
103,train,A,1,summer,cooling_water,0.943893712325297,0.0,1801,45.000069371517526,1.0991238628854273e-12,56.22706937151642,0.9999999999821956,294.26,355.8193271890281,355.56063426513685,0.19108743528029534,0.49076752456857364,95.40023894862605,99.8805256869773,1.9654355482636008,-6.252634926896633,10.984127162712747,0.0029137420290325,0.2,0.9595076245323576,578.2634549624725,1.2323475573339238e-14,3.574918139293004e-14,2.2084534438474722e-14,2.2084534438474722e-14,1.5474140315140659,0.0005328163210036,heatup->feed->hold
104,train,B,1,summer,feed_temp,1.0325216955178314,0.0,1801,45.00047583933846,1.0469306593282606e-12,56.22778548978461,0.9999999999821968,294.26,355.8252603262418,355.4908178690393,0.15839749241080175,0.4241163520059955,99.46492271105826,100.0,1.931163582966276,-3.5252982671195063,11.827698959935592,0.0028629341224631,0.2252792909375004,1.094582186290274,2319.8392587157223,2.237793284010081e-16,3.556877015142845e-14,2.1433138029168302e-14,2.143307019741746e-14,1.086872829723589,0.0003982335413332,heatup->feed->hold
105,train,B,1,winter,none,0.942927989082114,0.0,1801,45.00061942355029,8.679441787469896e-13,56.22761942354904,0.9999999999821998,277.26,355.73022115408463,355.478773231134,0.20622224897109528,0.7028038450770282,87.95906080674293,99.51836243226971,2.214537077565851,-5.963216094831674,11.00811748567011,0.0032830329966582,0.2029944889488178,0.9863063725227704,2319.806140743118,1.4876988529977098e-14,3.5416114485542494e-14,0.0,0.0,1.9133560854417127,0.00044573057405559996,heatup->feed->hold
106,train,A,2,summer,pulse_feed,0.9422403656357494,0.0005603670950961,1801,45.00063804483607,1.0514084673513078e-12,56.227638044834826,0.9999999999821964,294.26,355.8555062562573,355.5628510305395,0.21160258957498912,0.5603782112980553,93.00947867298578,99.94075829383885,2.260027966175812,-6.673623113738707,11.712855177666718,0.0033504728647312,0.2180106608733881,1.060670402930889,578.2869895031683,1.2156942119645464e-14,3.552713678800501e-14,1.932566996732135e-14,1.9325633155696166e-14,1.664209629955792,0.0004759815599621,heatup->feed->hold
107,train,A,5,winter,pulse_feed,1.0077322674032096,0.0023785754965234,1801,45.00095098572481,9.786468567324794e-13,56.227950985723794,0.999999999982198,277.26,355.77497937839735,355.5071832198809,0.10557396327267066,0.4155130821421263,97.70669885334942,100.0,2.287080270324768,-5.2905794088802365,11.007469782669444,0.0033905776830503,0.2,0.9531562072085988,578.2999408525462,3.552713678800501e-15,3.544387006115812e-14,0.0,0.0,1.4524605839197307,0.0003892434233022,heatup->feed->hold
108,train,B,1,summer,cooling_water,1.053898559786835,0.0,1801,45.00005150571524,1.1235004333366316e-12,56.22757890019611,0.9999999999821952,294.26,355.85714967405426,355.4961359255533,0.09933325482328749,0.27255106881305835,99.81884057971014,100.0,1.8434928843650664,-3.982272731648216,10.624170397682988,0.0027329630331263,0.2,0.894025698787031,2319.7980593761577,2.3314683517128287e-15,3.4555691641458e-14,9.771734789381239e-12,6.3385517371327985e-12,1.3002859122855241,0.000447987471509,heatup->feed->hold
109,train,B,3,winter,none,1.150058013331109,0.0011624695979337,1801,45.00161691440165,9.7012576904516e-13,56.2286169144004,0.9999999999821982,277.26,355.7360354152812,355.4366827686946,0.16788936358400838,0.6312203463339185,91.82200841852075,99.81960312687913,2.146008264778628,-4.691755459603818,11.214271471190612,0.0031814395955445,0.2021778032978322,0.9814471989614256,2320.005072077397,1.554312234475219e-14,3.5638159090467525e-14,0.0,0.0,1.6213148709949436,0.0004603652676335,heatup->feed->hold
110,train,A,1,summer,cooling_water,1.1617236705728815,0.0,1801,45.00023119623124,1.1324217853550132e-12,56.22723119622975,0.999999999982195,294.26,355.8116516850948,355.5007500401961,0.07996226771594991,0.32404058644170824,98.68969624776652,100.0,2.145913227969479,-4.829173261973681,11.655372649775911,0.0031812987042569,0.2166832466181422,1.0547092400435285,578.270152006954,5.594483210025203e-17,3.5513259000197195e-14,2.6362141240844807e-14,2.6362141240844807e-14,1.7596163739263275,0.0004372644997681,heatup->feed->hold
111,train,A,5,winter,none,1.0085358618254554,0.0023113041179101,1801,45.000058631391454,1.186972207062555e-12,56.22705863139068,0.999999999982194,277.26,355.7437975256119,355.42015441859013,0.21385662625788424,0.7026269532310605,87.14981729598051,99.81729598051157,1.8247458233396636,-6.07092203185046,10.575407210650004,0.0027051706694038,0.2,0.8894193677256651,578.2630104890627,1.532107773982716e-14,3.530509218307998e-14,7.969187391632354e-09,8.530132220654028e-09,1.9681259631612207,0.0004283808023595,heatup->feed->hold
112,train,A,5,winter,none,0.9880454904554,0.0017374254971879,1801,45.00187027584707,9.250295894496058e-13,56.2288702758465,0.9999999999821992,277.26,355.7909536555902,355.5059271387592,0.1965744494897955,0.6285436623299461,90.18890920170628,100.0,2.0218865909564143,-5.808025949612148,10.242532114104067,0.002997430235355,0.2,0.8301030825930558,578.3379877320826,1.4876988529977098e-14,3.547162563677375e-14,0.0,0.0,1.6631948934021281,0.0003779185544682,heatup->feed->hold
113,train,A,5,summer,none,1.174248555126982,0.0020203810888798,1801,45.00021091563957,1.2301113714743085e-12,56.227210915638125,0.9999999999821932,294.26,355.81729394875754,355.49982842450515,0.13811697877476545,0.4547473906003887,97.79236276849642,100.0,2.047749144160284,-3.1927651547345235,11.222298068566056,0.0030357712576871,0.2024237991667687,0.9837458037045272,578.2693127005474,5.551115123125783e-17,3.542999227335031e-14,2.7352536487140462e-14,2.7352536487140462e-14,1.1047997017317641,0.0005564248017011,heatup->feed->hold
114,train,A,1,winter,none,0.8688194764189431,0.0,1801,45.00000006295472,1.1690876941068425e-12,56.22700006295384,0.999999999982194,277.26,355.80794532598856,355.41729548397586,0.21445063737121955,0.6741164239932032,90.19607843137256,99.01960784313727,1.7307447299129153,-5.650967225573116,10.637729812879916,0.0025658148218236,0.2,0.8971835709807024,578.2605866751576,1.532107773982716e-14,3.5638159090467525e-14,4.124486860000113e-08,3.5434812400286786e-08,1.1994989961944,0.0004448225840216,heatup->feed->hold
115,train,A,4,winter,none,0.9700327449113172,0.0013508295879792,1801,45.000418921635,1.238941492760262e-12,56.2288610039117,0.9999999999821936,277.26,355.8165993441904,355.5803489861192,0.24802166761121985,0.6439973119786941,88.49182313749243,99.75772259236825,2.0159090281844736,-6.580874716427455,11.364713063918666,0.002988568547728,0.207273931552395,1.0078178852547388,578.3376039833216,1.0880185641326534e-14,3.555489236362064e-14,2.4631124743750422e-14,2.46310976297182e-14,1.4819518663248843,0.0003991884527724,heatup->feed->hold
116,train,B,1,winter,none,0.9713392854506364,0.0,1801,45.00007604035884,9.867047088044457e-13,56.22707604035789,0.9999999999821976,277.26,355.8179894201524,355.55567792919214,0.22285884980404164,0.771658876986612,89.33734939759036,97.71084337349397,2.2427311265834016,-6.859337058408226,10.92503985998898,0.0033248304423509,0.2,0.9618857871232588,2319.697778378953,1.0366707492437399e-14,3.554795346971673e-14,0.0,0.0,1.2794478520237433,0.0005676276723736,heatup->feed->hold
117,train,A,3,summer,none,1.129021120600012,0.0010416822964913,1801,45.001621012194434,8.967149604623709e-13,56.228621012194125,0.9999999999821996,294.26,355.79601051598274,355.4996185532692,0.0832924417292287,0.30934779573223636,99.46140035906643,100.0,2.105590059488112,-4.397264251604397,10.751706435650618,0.0031215199387554,0.2,0.9145350041721776,578.3276712203613,1.1102230246251565e-15,3.539529780383077e-14,0.0,0.0,1.6012609361938885,0.0004626635464288,heatup->feed->hold
118,train,A,1,winter,none,1.058796565249409,0.0,1801,45.00034008621008,1.2505091242937824e-12,56.22938602829516,0.9999999999821936,277.26,355.81829153036165,355.61157736286594,0.37976140303865075,1.1466899458957187,73.1306990881459,89.66565349544074,1.9201019131953536,-6.850537513901256,11.021508820664002,0.0028465352880412,0.2,0.9687635524895564,578.359334088256,1.176836406102666e-14,3.597122599785507e-14,5.450200431759285e-10,3.5709425975333185e-10,1.5167666656951369,0.0003352009977339,heatup->feed->hold
119,train,A,3,summer,none,1.0288189306087945,0.001199115825212,1801,45.00000000000264,1.2241660621998253e-12,56.22700000000107,0.9999999999821932,294.26,355.81547935235835,355.7760081594719,0.21088612421308572,0.5213454199753241,94.16365824308063,100.0,1.870632593903348,-5.621964594873379,11.686100591691174,0.0027731974292159,0.2217576178002008,1.0783003533010735,578.2605840699011,1.50712775592865e-14,3.552713678800501e-14,5.0684285710827357e-11,1.922442889718985e-10,1.3900955598099856,0.0005244803326744,heatup->feed->hold
120,train,A,5,winter,none,0.9335878678518056,0.0020297620807525,1801,45.00000774662088,1.0073009644159659e-12,56.22727717740162,0.9999999999821972,277.26,355.8277010364719,355.5171383298371,0.19035262207067047,0.5330854265437011,93.8036809815951,100.0,2.0025045709988305,-6.485970344424649,10.861054932599286,0.0029686965502399,0.2,0.9257850103370252,578.2720549276621,7.327471962526033e-15,3.552713678800501e-14,1.987808467373672e-14,1.987808467373672e-14,1.5629633291200236,0.0005327154853547,heatup->feed->hold
121,train,B,4,winter,none,0.8757867524244773,0.0014267913563574,1801,45.00000289638072,9.715950187721466e-13,56.22700289638008,0.9999999999821976,277.26,355.8759050278253,355.51505593999553,0.21805779097497133,0.6833427006748726,89.11729141475212,98.73035066505442,2.1412785971867216,-6.407679953114944,11.604765436540037,0.0031744279022544,0.2104462610777262,1.0213324753270514,2319.683192183041,9.325873406851315e-15,3.552713678800501e-14,0.0,0.0,1.3558611860567424,0.0005883988072828,heatup->feed->hold
122,train,A,3,winter,none,0.91480265457927,0.0010053618320199,1801,45.000142946052215,1.1173182150094082e-12,56.22749083666045,0.9999999999821954,277.26,355.8141580558513,355.7293590226877,0.1862801098842918,0.6003094099800591,91.0030395136778,99.93920972644376,1.9805988364197784,-5.410133565225966,11.01744856497298,0.0029362214789631,0.2,0.9574380829528124,578.2808972281172,1.4876988529977098e-14,3.547162563677375e-14,2.2045358873164013e-14,2.2045358873164013e-14,1.641042551398833,0.0004848542286752,heatup->feed->hold
123,train,A,3,winter,none,1.1834898363966668,0.0011934433141794,1801,45.00006598336885,8.863268217532707e-13,56.22727985531838,0.9999999999821994,277.26,355.7409878535271,355.43214905880865,0.18131510286970123,0.620137991628158,91.21212121212122,99.93939393939394,1.7264570462246849,-5.0284282803613385,11.221025885735218,0.0025594583660341,0.202256832750205,0.9835695772196726,578.2721657528036,1.4210854715202004e-14,3.552713678800501e-14,5.123249212383638e-08,5.182019990022935e-08,1.8525036820794654,0.000410272380509,heatup->feed->hold
124,train,A,4,summer,none,1.1414003715202234,0.0017689620869928,1801,45.00031166953103,1.0193789141510572e-12,56.22731166952955,0.999999999982197,294.26,355.7882003422502,355.50130829610515,0.09974373059764985,0.3740486698104802,98.1547619047619,100.0,1.868772320018444,-5.328028589253538,11.135246590098324,0.0027704395884876,0.2,0.9671740554055256,578.2734823797512,2.4424906541753444e-15,3.5083047578154947e-14,2.1349016502802588e-14,2.134882191018609e-14,1.5186121329880748,0.0003591666897605,heatup->feed->hold
125,train,A,2,summer,none,0.8492974894561247,0.0004569449199882,1801,44.99999999999997,8.808575490827926e-13,56.22699999999965,0.9999999999821994,294.26,355.8240530935853,355.4757422287613,0.31492434185504653,0.9707051999769192,79.23399162178336,95.51166965888689,1.8433418857945465,-5.966497671778248,11.706934447997597,0.0027327391789879,0.2180364541356115,1.0608882349752484,578.2605840698754,1.4530043834781736e-14,3.552713678800501e-14,2.6872578905156728e-08,2.8369730599876047e-08,1.8869523099335268,0.0005310022823153,heatup->feed->hold
126,train,B,5,summer,none,0.9958001632944682,0.0021773267250486,1801,45.0023377882291,1.1872665489137589e-12,56.22933778822733,0.9999999999821948,294.26,355.7831850465682,355.54319743595136,0.18324135812193137,0.5089605100981884,94.71496437054631,99.8812351543943,1.999998220036056,-5.473858300669686,11.274048039034447,0.0029649809055594,0.2079323451430655,1.0085353417257366,2320.1488453203683,1.509903313490213e-14,3.5416114485542494e-14,2.4795504879430033e-14,2.4795504879430033e-14,1.6275765350518938,0.0004194570337024,heatup->feed->hold
127,train,B,5,summer,none,1.0696889878218057,0.002181993699915,1801,45.00064246357167,1.127547844425112e-12,56.22764246357044,0.9999999999821952,294.26,355.8444211352,355.48868382688414,0.10497444478855827,0.33220574975342737,99.22155688622755,100.0,1.937242149342124,-3.998559652275644,10.622700619805372,0.0028719455471019,0.2,0.8666301418941084,2319.810735507345,3.3029134982598407e-15,3.5416114485542494e-14,2.2439129110244753e-14,2.2439074851516062e-14,1.4275678110765142,0.0003797577526567,heatup->feed->hold
128,train,A,3,winter,none,1.116751756195824,0.000963277425076,1801,45.00067655677075,8.933872423591346e-13,56.22767655677052,0.9999999999821994,277.26,355.81377718908993,355.5954367098118,0.2124923033964734,0.5531737269971586,93.55809753160746,99.69897652016857,1.95256398525129,-6.926193204879221,11.248589530402676,0.0028946600427718,0.2069861544609098,1.006731208303904,578.2885833441754,1.2434497875801753e-14,3.552713678800501e-14,0.0,0.0,1.395138914773426,0.0003864674161194,heatup->feed->hold
129,train,A,2,winter,pulse_feed,1.1623122213865185,0.0005537928445527,1801,45.00016100058284,1.2125734166397824e-12,56.23484297707967,0.999999999982196,277.26,355.81371818926414,355.54863625262493,0.2892837117652712,0.8083827317606046,81.4207650273224,99.08925318761385,2.1966865278081795,-6.986407325211745,11.613721377464786,0.0032565697035137,0.2190158189027472,1.0655624232212884,578.585225093318,9.769962616701378e-15,3.552713678800501e-14,2.8980929363344003e-14,2.8980732522122295e-14,1.898200729544456,0.0004109771221224,heatup->feed->hold
130,train,A,1,summer,none,0.8530699109971902,0.0,1801,45.00058803159381,8.874628642716816e-13,56.2275880315925,0.9999999999821994,294.26,355.8100225179815,355.5165466347211,0.18972632952246243,0.5713136992678812,92.76315789473685,99.88038277511961,2.147731618842975,-4.514394556405485,10.70876556268848,0.0031839944537654,0.2,0.9021510251239152,578.2849196779798,2.831068712794149e-15,3.5436931167254215e-14,0.0,0.0,1.9406716706685714,0.0005447001933005,heatup->feed->hold
131,train,B,4,summer,none,1.1925695645461332,0.0016776502940801,1801,45.00401736927846,1.0511329562362157e-12,56.231017369277005,0.9999999999821976,294.26,355.79295854411384,355.4991437474717,0.11646356087713564,0.46318848527244244,95.78384798099762,99.10926365795724,2.3545984188889437,-6.373562059301581,11.267715875577638,0.0034906727827689,0.2065538319709836,1.0022590892569931,2320.4838524526917,4.440892098500626e-16,3.5436931167254215e-14,2.56839177573141e-14,2.56839177573141e-14,1.4463083976427455,0.0005043058019298,heatup->feed->hold
132,train,B,4,summer,none,0.994381377664934,0.0015166881358778,1801,45.00107440936506,9.665307051824004e-13,56.22826832236747,0.9999999999821982,294.26,355.8541639778752,355.50715776503034,0.1936546295985261,0.6626227095334059,90.71856287425149,99.76047904191617,2.173041166309101,-5.529703088909658,10.567961267276305,0.0032215156496413,0.2,0.8820967558291628,2319.935550279105,3.552713678800501e-15,3.530509218307998e-14,0.0,0.0,1.4245472161738633,0.0004605898613906,heatup->feed->hold
133,train,A,4,winter,none,0.9904796134966652,0.0013779128705864,1801,45.00000594518014,8.909534235614897e-13,56.22700594517886,0.9999999999821992,277.26,355.72515113070284,355.0517765697134,0.3583404540571814,0.7910035032084011,74.69879518072288,98.855421686747,1.886778243828421,-6.84183457774928,11.743330504370634,0.0027971332223862,0.224827146862029,1.093041173489396,578.2608301066231,1.3766765505351941e-14,3.552713678800501e-14,1.744373464533669e-09,1.744373433307164e-09,1.5066728482701848,0.0005100476848377,heatup->feed->hold
134,train,B,2,summer,none,1.0587385281763022,0.0004142515590787,1801,45.00111659666396,1.1914459918324197e-12,56.22811659666269,0.999999999982194,294.26,355.83027434946086,355.7428211577335,0.2164736208632366,0.6122680358961696,90.81209247184351,99.4665085951393,1.813299834043269,-6.300271661012148,11.33632531976392,0.0026882020844475,0.2119341809835,1.0293917901040364,2319.905291210191,1.4432899320127035e-14,3.552713678800501e-14,6.375301234846485e-09,6.375301225363104e-09,1.7713645271231755,0.000341808315705,heatup->feed->hold
135,train,B,3,summer,none,1.1633002243510275,0.001092196152038,1801,45.001418078015554,1.125033376449403e-12,56.22841807801469,0.9999999999821956,294.26,355.8455850135144,355.5004230530499,0.09165180267035995,0.34133192873085816,99.04931669637553,100.0,1.8023515000361805,-3.669890019957499,11.361628126695642,0.002671971269363,0.2113947202948051,1.0262050603090764,2319.965416750037,4.773959005888173e-15,3.537448112211905e-14,4.521571749202645e-10,3.293156999265717e-10,1.270536099812034,0.0003626052494005,heatup->feed->hold
136,train,A,2,winter,none,0.8946125399673305,0.0005014209953283,1801,45.0001450146741,1.032409484671717e-12,56.22714501467266,0.9999999999821968,277.26,355.87191190575925,355.63917491803426,0.27897690972651507,1.06383042308252,81.85679611650485,94.1747572815534,2.4576573052980546,-5.8980274204033485,10.531683407780886,0.0036434567339194,0.2,0.8721633823952727,578.2665854142506,1.509903313490213e-14,3.552713678800501e-14,2.0126868724515144e-14,2.0126868724515144e-14,1.5510021271920351,0.0005969608468238,heatup->feed->hold
137,train,A,3,summer,pulse_feed,0.8728190275519778,0.0010835216896149,1801,45.00148225616301,1.0314915205214949e-12,56.2284822561622,0.9999999999821972,294.26,355.8250634259343,355.50157951693984,0.10954751689733225,0.3665268259443223,98.69281045751634,100.0,1.9212552371025289,-4.688421687468586,11.766148703574164,0.0028482450812442,0.2216874838990337,1.078066490274513,578.3219284497831,1.9984014443252818e-15,3.427813588530171e-14,5.4486943657084914e-14,3.939524994198881e-14,1.3761823109763256,0.0003915831183378,heatup->feed->hold
138,train,B,2,winter,none,1.186558610192496,0.0005171374263844,1801,45.000093793771086,1.224421091795909e-12,56.22810593113272,0.9999999999821936,277.26,355.7113891976475,355.6001523934093,0.2296678222500126,0.9247827336575251,86.93284936479128,95.94676346037507,1.9144582920326196,-7.290052747218692,11.498642948203017,0.0028381686661022,0.2127699205706956,1.0333613806743205,2319.903164165972,1.532107773982716e-14,3.556877015142845e-14,1.3700582770278386e-08,1.2872713200072494e-08,1.9124433725917527,0.0003552459681929,heatup->feed->hold
139,train,B,4,summer,none,1.1570415381130332,0.0013908079502549,1801,45.00000164847378,8.571306943120794e-13,56.2270016484736,0.9999999999821996,294.26,355.8279690405755,355.731615788435,0.2396865268949941,0.6637582371277773,88.68263473053892,98.9820359281437,1.7212496817848275,-6.094582882175999,11.315032675343408,0.0025517384910973,0.2070323313747947,1.0048068847859517,2319.6829433291714,1.3433698597964394e-14,3.5409175591638586e-14,4.105812762564623e-08,3.972065920003053e-08,1.6953430276638102,0.0003978462277984,heatup->feed->hold
140,val,B,1,winter,cooling_water,1.0600645746631636,0.0,1801,45.00302383434755,9.76603037964325e-13,56.23002383434684,0.9999999999821988,277.26,355.7697157410586,355.5001053315069,0.08734450140556344,0.40650133633046437,97.23889555822329,99.93997599039616,2.203195838190067,-5.936177727940316,11.597912907693354,0.0032662197025974,0.216360142023972,1.0512466036895878,2320.2856787502114,5.594483210025203e-17,3.5083047578154947e-14,0.0,0.0,1.2971047141274354,0.0004895794050069,heatup->feed->hold
141,val,A,1,summer,none,0.8956180889463077,0.0,1801,45.00001056659224,9.200494764986166e-13,56.22701056659184,0.9999999999821988,294.26,355.8107385650367,355.4998404468448,0.09790158681518614,0.3503778783242634,98.32535885167464,100.0,1.9311390131407875,-4.786589917455843,10.994283470845842,0.0028628976978989,0.2,0.9473557677785406,578.2610213603657,1.6653345369377348e-15,3.409772464380012e-14,1.61973803633288e-14,1.160531967803658e-14,1.149101835416026,0.0004370968809323,heatup->feed->hold
142,val,B,1,summer,feed_temp,1.0877995995196017,0.0,1801,45.00280421802656,8.959666876778513e-13,56.22980421802479,0.9999999999822,294.26,355.79590205016774,355.4930256203816,0.09121552525433756,0.3866378737566549,97.74614472123369,100.0,1.9944694003430008,-4.997881534638293,11.617392643307724,0.0029567844758546,0.2171568227339995,1.0551162180730589,2320.2418751128835,4.440892098500626e-16,3.559652572704408e-14,0.0,0.0,1.539893876222635,0.0004014666842745,heatup->feed->hold
143,val,A,4,summer,feed_temp,0.8824219715730356,0.0017807117016489,1801,45.0004242274642,1.154929167480478e-12,56.22742422746349,0.9999999999821946,294.26,355.76356964612853,355.5134242625562,0.12497831173246615,0.4377336285385752,98.50746268656717,100.0,1.7199562633452783,-1.4406924215471608,11.665849134291914,0.0025498210089027,0.2199478862383944,1.0689803887480749,578.278140592338,2.7755575615628914e-16,3.552713678800501e-14,1.1118128711081084e-09,1.1118128999919319e-09,1.1890096303725102,0.0003828174334061,heatup->feed->hold
144,val,A,2,winter,feed_temp,0.8591842540574068,0.0004988738453811,1801,44.99999999999998,1.1086291956221824e-12,56.22699999999892,0.9999999999821954,277.26,355.83225045259684,355.5065740514125,0.09665504703792174,0.2721972147238546,99.57627118644068,100.0,1.7497375658006438,-4.163565450096448,11.77347834117516,0.0025939715447573,0.2202963875026649,1.071841156501669,578.2605840698322,5.329070518200751e-15,3.5485503424581566e-14,1.9311069312914503e-09,7.327477000000377e-09,1.053154238805675,0.0004024280722605,heatup->feed->hold
145,val,B,5,summer,none,0.9565454159136164,0.0016226635724994,1801,45.00195032608562,9.348999346367734e-13,56.22895032608502,0.9999999999821988,294.26,355.8077055898177,355.5123395308182,0.18201871341563347,0.5736924237788628,93.67164179104478,99.40298507462687,2.1564896201163286,-6.1247996464430345,10.755901456480707,0.0031969781185938,0.2,0.917021876426708,2320.071567858919,3.3306690738754696e-15,3.552713678800501e-14,0.0,0.0,1.455522181709597,0.0004516899734368,heatup->feed->hold
146,val,A,4,winter,none,1.0950220133361466,0.0014717120420895,1801,45.00017939241746,1.0988419647440094e-12,56.22766194051961,0.9999999999821956,277.26,355.8338533481384,355.51517411027675,0.14991216614935093,0.5008518016226446,94.9121744397335,100.0,1.6570958408577312,-4.863932792462626,11.320591329008964,0.0024566309497698,0.2042529581488254,0.993049179253335,578.2879784409365,5.051514762044462e-15,3.5541014575812824e-14,5.0743135574046596e-08,4.968471119986065e-08,1.4798004627522445,0.00031960918616,heatup->feed->hold
147,val,B,2,summer,none,1.173215635430901,0.000578733081145,1801,45.00074671615904,9.314413170375005e-13,56.22774671615846,0.9999999999821988,294.26,355.7700368522532,355.3912395268612,0.18079356730906612,0.6200767592002421,91.4540059347181,99.64391691394658,1.7265018910220271,-5.77831727371638,11.187967281570444,0.0025595248480772,0.2065520811773196,1.003126132058721,2319.831526203114,1.532107773982716e-14,3.552713678800501e-14,3.917962269391773e-08,3.7925935700115765e-08,1.6288110995609628,0.0003140424100014,heatup->feed->hold
148,val,A,4,summer,none,1.1011268850138372,0.0013387656713184,1801,45.00121132250671,8.725192239643874e-13,56.22821132250597,0.9999999999822,294.26,355.7994631894729,355.5819577217676,0.2661803197503576,0.7518524088085825,86.0781990521327,98.10426540284361,2.25654012081165,-7.669203415819393,11.391083854345126,0.0033453021626762,0.2115126620114506,1.0284152013040888,578.3107152907182,1.554312234475219e-14,3.597122599785507e-14,0.0,0.0,1.774661440624591,0.0004880648537629,heatup->feed->hold
149,val,A,3,winter,none,0.9493933779567162,0.0011591238627869,1801,45.00069219501024,1.1039389928597225e-12,56.22769219500858,0.9999999999821956,277.26,355.8146260493162,355.5775606094124,0.2138408940892522,0.5647095523736879,92.33110164333537,100.0,2.0644042442025308,-6.1748487391494375,10.600362673661678,0.0030604623064644,0.2,0.8826454213277457,578.2892305435109,1.1449174941446927e-14,3.5464686742869844e-14,2.139825882907696e-14,2.139825882907696e-14,1.8798233050201816,0.0004402568717869,heatup->feed->hold
150,val,B,3,winter,none,0.9744865532815736,0.0011403433530589,1801,45.00112633904503,9.670249117821808e-13,56.22812633904433,0.999999999982198,277.26,355.83007789616016,355.5100251082354,0.10348939474706971,0.4306941088505934,96.35258358662614,99.75683890577508,2.2372621491477145,-5.323686058564313,10.4806349208466,0.0033167227283003,0.2,0.8661509491360339,2319.9072341507745,8.881784197001252e-16,3.5416114485542494e-14,0.0,0.0,1.2386032500928934,0.0004548236293027,heatup->feed->hold
151,val,B,5,winter,none,0.9912434966900217,0.001787384618788,1801,45.002309597561165,1.1369834670416096e-12,56.229309597559954,0.9999999999821956,277.26,355.83429055889934,355.4956185510774,0.0878912392548931,0.31166523673850166,97.1934106162294,99.75594874923735,1.901262990236938,-5.023797447335822,10.184585776354854,0.0028186067397588,0.2,0.8369851249533645,2320.1432227608857,3.552713678800501e-15,3.4638958368304884e-14,1.1834816821401942e-13,1.1819122965216133e-13,1.136734473640395,0.0003671475696352,heatup->feed->hold
152,val,B,3,winter,cooling_water,0.8360076823389858,0.0009208954557293,1801,45.00000603183787,9.76926376928854e-13,56.22700603183771,0.9999999999821976,277.26,355.8358549088732,355.4978854524809,0.10348665506431373,0.4131407353216559,97.64776839565742,100.0,1.784196462548091,-5.305799845115633,11.65345572826539,0.0026450565756635,0.2192393608526082,1.0644109343737318,2319.683817447009,5.10702591327572e-15,3.549938121238938e-14,1.723618851788283e-09,5.099566724288212e-09,1.3335086270631606,0.0004937203980096,heatup->feed->hold
153,val,A,5,winter,none,1.0399388688514517,0.0020345605035671,1801,45.00288742453108,1.0383880359048006e-12,56.22988742453035,0.9999999999821976,277.26,355.8163873048202,355.5608733857955,0.300189100304987,0.8911741647561939,79.83193277310924,96.63865546218487,2.1058799893790114,-7.689360759927743,11.505667483546636,0.0031219497574332,0.214895946454523,1.044243551615167,578.3800868005626,8.881784197001252e-15,3.522182545623309e-14,2.0561944115165772e-14,2.0561944115165772e-14,1.453701667330094,0.0004120866981742,heatup->feed->hold
154,val,B,5,winter,none,0.9998805619808868,0.0017347791606015,1801,45.002319382615866,8.778760600575792e-13,56.22931938261449,0.9999999999822,277.26,355.7945425817361,355.4992992184482,0.12925900271532878,0.4743280129534579,95.5944477972239,100.0,2.137880899421996,-5.08368443731608,11.127828147472364,0.0031693908432739,0.2,0.963601688022443,2320.145174364911,4.440892098500626e-16,3.524958103184872e-14,0.0,0.0,1.6763638459082344,0.0005542331140883,heatup->feed->hold
155,val,A,1,winter,none,0.9221927299518488,0.0,1801,45.00080347155018,1.140970827359424e-12,56.22780347154899,0.9999999999821948,277.26,355.8033116888334,355.4983568927892,0.1057321113071137,0.3992801760629163,97.37964655697745,100.0,2.030571595652103,-4.460952725003407,10.355329015034602,0.0030103056833577,0.2,0.8498595863341106,578.2938358154557,1.5543122344752192e-15,3.352873534367973e-14,1.9656742312622703e-14,1.9656433301702425e-14,1.7873212533788134,0.000417733899019,heatup->feed->hold
156,val,B,2,summer,none,1.1231051716960767,0.0004947351133334,1801,45.000005283284665,9.671386925799457e-13,56.22704514912477,0.9999999999821978,294.26,355.8395211488875,355.5199497351726,0.17399860457019176,0.43601215633416623,97.07287933094385,100.0,2.0363700015069264,-5.272588549607785,11.45890060494864,0.0030189017723291,0.2180281417491876,1.0589114485454838,2319.6916181150827,1.0547118733938987e-14,3.552713678800501e-14,0.0,0.0,1.2748911325333196,0.0005651804641213,heatup->feed->hold
157,val,A,1,winter,none,0.9406128556843676,0.0,1801,45.00000012587367,1.2398512389319358e-12,56.22700012587159,0.999999999982193,277.26,355.8280849911913,355.50041292731873,0.10636994093835712,0.3651160926753419,98.2360097323601,99.87834549878345,1.8517988975725916,-5.2447504927145205,11.199994393287527,0.002745276629366,0.2022746790313616,0.9845760503205788,578.2605892789566,3.635980405647388e-15,3.4861002973229915e-14,3.528579856939487e-10,1.890867573684987e-09,1.0421234902030534,0.000535509375248,heatup->feed->hold
158,val,A,2,winter,none,0.9336948348496744,0.0004815443868698,1801,45.00102445634983,1.0078175398193737e-12,56.22802445634856,0.9999999999821974,277.26,355.7070314832011,355.471814931886,0.3683856171230854,1.2881219877228431,71.97604790419162,88.562874251497,1.9206254376073115,-7.4847217661735,11.795504043515884,0.0028473114086745,0.2245771654881682,1.0926755239067,578.302981532768,1.5432100042289676e-14,3.574918139293004e-14,9.985909627137981e-11,7.04939604878704e-11,1.796399816029222,0.0003233331580313,heatup->feed->hold
159,val,B,4,summer,cooling_water,1.012029189211292,0.0016592514283096,1801,45.00008795932417,8.700350263260161e-13,56.22708795932339,0.9999999999821996,294.26,355.7935370043198,355.5032426025708,0.15367999912489708,0.4825173281800659,95.64439140811456,100.0,1.7642419669315654,-5.077368127992471,11.170252333659707,0.0026154742000942,0.2004073600905718,0.9724867489930284,2319.7001552370275,3.899658373995862e-15,3.544387006115812e-14,1.2209396768343012e-08,1.3853157899892249e-08,1.623996714917844,0.000401673113985,heatup->feed->hold
160,val,A,3,winter,none,1.1166264969065385,0.0009178450685653,1801,45.00241680941084,1.2715473824890025e-12,56.22941680940996,0.9999999999821932,277.26,355.83042002451754,355.5061509023627,0.11129053131945202,0.4025365341705083,97.86715417428398,100.0,2.130336463741769,-5.339132632801802,10.416618924651427,0.0031582062794523,0.2,0.8587823882945216,578.3606080984196,4.440892098500626e-16,3.472222509515177e-14,3.022781819529996e-14,3.0227587979618503e-14,1.4761954688151917,0.0004318271105481,heatup->feed->hold
161,val,A,3,winter,feed_temp,0.8623797408822316,0.0009068439304885,1801,45.003205495989874,9.088772382389028e-13,56.23020549598904,0.9999999999822,277.26,355.8257702688141,355.4109512455915,0.1774480145920349,0.6160439199471739,90.9692956050572,99.87959060806743,2.1436140020837247,-6.35769994150577,11.343196737973024,0.0031778901207989,0.2045018294136256,0.9947043372769604,578.3932520058664,1.4654943925052066e-14,3.552713678800501e-14,0.0,0.0,1.9050557623725126,0.0004340784267495,heatup->feed->hold
162,val,B,2,winter,none,0.997587659480213,0.0005463779040355,1801,45.00069134844783,1.0674710531754009e-12,56.22769134844632,0.9999999999821962,277.26,355.8230740086478,355.6046137275299,0.22405143966028784,0.633811978975973,91.48936170212765,99.3920972644377,1.7098769181501163,-5.494325159795413,10.474682559894609,0.002534878462582,0.2,0.8758932806098633,2319.8204844138268,1.1102230246251565e-14,3.552713678800501e-14,3.6888299702331376e-08,3.219859979987014e-08,1.2121981042248038,0.0003237137046467,heatup->feed->hold
163,val,A,2,winter,feed_temp,1.1423907718820707,0.0004009872630916,1801,45.000014332210704,8.940401478090637e-13,56.227014332210246,0.9999999999821992,277.26,355.83225624540535,355.7448695207888,0.19592863327088356,0.5637576665086925,92.29828850855746,99.93887530562347,2.0263258425667523,-6.552357208231834,10.55167798581062,0.0030040113893419,0.2,0.8822158975270504,578.2611771977234,1.5459855617905305e-14,3.552713678800501e-14,0.0,0.0,1.7680142135329149,0.0005203673106041,heatup->feed->hold
164,val,A,2,summer,none,1.013743415725218,0.0004048178853366,1801,45.00011201795003,9.44800088757852e-13,56.22711201794928,0.9999999999821982,294.26,355.8168135442206,355.50066394919253,0.0906354329374294,0.32217414218798673,97.36999402271368,99.52181709503886,2.0051602433568925,-5.475659816814543,10.716118302521163,0.0029726335626603,0.2,0.9084703834655188,578.2652198609185,2.1094237467877974e-15,3.530509218307998e-14,0.0,0.0,1.4947423964392357,0.0004490909018743,heatup->feed->hold
165,val,A,5,winter,none,0.9269260152595646,0.0017103449232363,1801,45.00011878407431,8.962743657883658e-13,56.22711878407305,0.9999999999821992,277.26,355.8198942529397,355.5111728925124,0.1857106194864913,0.5198344665586432,94.03166869671132,100.0,2.0731177608175426,-5.6521724348332345,10.423623261520532,0.0030733800231528,0.2,0.8735353656650017,578.2654998734725,8.43769498715119e-15,3.552713678800501e-14,0.0,0.0,1.7895077056303066,0.0004847792958148,heatup->feed->hold
166,val,A,4,winter,cooling_water,1.147691990284367,0.0015946392950746,1801,44.999999999999964,7.407910791925459e-13,56.22699999999988,0.999999999982202,277.26,355.839464298614,355.5019751695123,0.11261029308606602,0.37375029919010655,98.23062843197071,99.81696156192801,1.762694893226082,-5.09331918570551,11.070533993942592,0.0026131806760549,0.2,0.9652096153891552,578.2605840698867,3.9968028886505635e-15,3.552713678800501e-14,9.877229521435163e-09,1.2843402599684722e-08,1.1000709504566402,0.0005578028866286,heatup->feed->hold
167,val,A,5,summer,none,0.9731978904515048,0.0023711831931962,1801,45.0005014437939,8.61261104614041e-13,56.22750144379355,0.9999999999822,294.26,355.8444797060892,355.4279492215414,0.16377432689848084,0.485647544796211,95.38188277087033,100.0,1.6618705503553834,-5.567064126647125,11.736624534314473,0.0024637094173145,0.2241266658581085,1.0887018666850057,578.2813362074612,1.532107773982716e-14,3.5360603334311236e-14,6.172371371073234e-08,5.8974280600036094e-08,1.3947335347184406,0.0003260642875853,heatup->feed->hold
168,val,A,1,winter,none,0.9013132304378126,0.0,1801,45.00005984464512,1.0880777513123728e-12,56.22705984464325,0.9999999999821956,277.26,355.7957409442358,355.517493152799,0.1770834896445342,0.4972298042583077,95.22935779816514,100.0,1.667319473618002,-4.871905935089902,10.241221178961313,0.0024717874012186,0.2,0.8367929399899942,578.2630606987572,5.440092820663267e-15,3.519406988061746e-14,3.427102549999599e-08,3.177931629991509e-08,1.0730117976613656,0.000402003864446,heatup->feed->hold
169,val,B,3,summer,none,0.9576489413281674,0.0009929394349201,1801,45.00000154251715,1.0968998206347641e-12,56.22704654298931,0.9999999999821956,294.26,355.8440306317105,355.50719587476107,0.08861124697657652,0.2870657864066999,99.58233890214797,100.0,1.7909843608915388,-4.030843769348335,11.846463891069558,0.002655119579108,0.2248479250786898,1.0915469787739145,2319.6918960762714,3.4416913763379853e-15,3.519406988061746e-14,3.3056718662296397e-09,9.529806199812946e-09,1.11122301876798,0.0004668073483071,heatup->feed->hold
170,test,A,2,summer,none,0.8120735647678125,0.000510549400073,1801,45.00001506340203,1.0785386269779362e-12,56.227015063400536,0.9999999999821958,294.26,355.7615986987369,355.4420146194957,0.23264024162582592,0.7493756198465118,85.92725104353012,99.04591532498509,1.85126634534984,-6.911047316283067,11.156748603198086,0.0027444871250775,0.2022600653849207,0.9841118213139176,578.2612074574905,1.554312234475219e-14,3.5416114485542494e-14,2.9116163655233073e-09,4.0579276782472815e-09,1.9584387748157113,0.0004063717119936,heatup->feed->hold
171,test,A,5,summer,none,0.9807181142972246,0.0022816659030709,1801,45.000244167171125,1.0319186070786305e-12,56.22724416717015,0.9999999999821968,294.26,355.8037086113979,355.484010306976,0.1513413543871344,0.431679461786416,98.87240356083086,100.0,1.866399475096559,-3.125306334452666,11.91888794742658,0.0027669218654142,0.2289717917152253,1.1122771452800946,578.2706888060266,2.220446049250313e-16,3.5166314305001833e-14,1.476187270828943e-13,1.4771056715139845e-13,1.005012866801387,0.0004790132160331,heatup->feed->hold
172,test,B,3,summer,none,0.890424158663753,0.0011171857985482,1801,45.000117486779445,9.259447155452936e-13,56.22711748677859,0.9999999999821986,294.26,355.8388355087938,355.500808568479,0.09825286436664993,0.2603560781810926,99.76119402985074,100.0,2.241087474638522,-3.9055835294861914,11.046760305302644,0.0033223937418663,0.2,0.955529279112714,2319.706043555524,7.494005416219807e-16,3.5416114485542494e-14,0.0,0.0,1.0908677960165605,0.0005130878026415,heatup->feed->hold
173,test,A,2,summer,none,0.8908916337819129,0.0005233707925943,1801,45.000000260850015,1.2035055856826134e-12,56.22700026084868,0.9999999999821936,294.26,355.8457818432493,355.4980382390917,0.09615353265218003,0.27761977723113196,99.70041941282204,100.0,1.7452531038415218,-4.13789911265972,11.513804995737866,0.0025873233668003,0.2129024297094879,1.035860171278261,578.2605948648813,3.1086244689504383e-15,3.419486915845482e-14,2.530287569572316e-09,8.463345492452927e-09,1.1096962251231304,0.0004451092935662,heatup->feed->hold
174,test,A,2,summer,pulse_feed,0.8382932446180328,0.0005673591077086,1801,45.00000810790242,1.1580639545357585e-12,56.22740353303006,0.9999999999821946,294.26,355.8186714878829,355.7589413173456,0.257128763980347,0.915176780121183,85.61811505507956,96.14443084455324,1.7614780099834837,-6.547060343884565,10.281668467988494,0.00261137665666,0.2,0.8424503366899376,578.2772841507316,1.4210854715202004e-14,3.552713678800501e-14,8.453931607099205e-08,8.270232560001096e-08,1.8181503756508306,0.0003168401790639,heatup->feed->hold
175,test,A,4,summer,feed_temp,1.1264762127914816,0.0016822084222348,1801,45.00000371754801,1.2992674987868552e-12,56.22700371754734,0.999999999982192,294.26,355.8699229265027,355.52233543881744,0.18050914072849555,0.4883759184376001,95.24954900781721,99.5189416716777,1.7714176587371808,-5.673279585573549,11.032974753362971,0.0026261121041556,0.2,0.967628383952967,578.26073791774,8.743006318923108e-15,3.552713678800501e-14,2.6263859440430392e-08,2.5930980899861733e-08,1.4242875064414235,0.0004170980828514,heatup->feed->hold
176,test,A,1,summer,none,1.0207385620188687,0.0,1801,45.000059983028784,8.733205081224017e-13,56.22705998302799,0.9999999999821996,294.26,355.81930042826923,355.6857936032212,0.2405560275519706,0.5959808619082932,91.72661870503596,99.76019184652279,2.0011186476689997,-6.305973605476174,10.407856539316825,0.0029666419303065,0.2,0.8835483122617585,578.2630664257335,1.304512053934559e-14,3.547162563677375e-14,0.0,0.0,1.6188639242576244,0.0005534681454386,heatup->feed->hold
177,test,A,5,winter,none,0.9832406655504298,0.0016318847012467,1801,45.00016746399783,9.678796600865916e-13,56.22716746399711,0.999999999982198,277.26,355.84736088239765,355.55673003680084,0.2836045065504351,0.9549533193635426,82.02653799758745,96.07961399276238,2.329594494383077,-5.595941896188909,11.29416737802324,0.0034536046704169,0.201793397017915,0.9809841965015844,578.2675144699427,1.0880185641326534e-14,3.574918139293004e-14,0.0,0.0,1.6463777746874797,0.0005403599866574,heatup->feed->hold
178,test,A,2,summer,none,0.9749137738485272,0.0004816099895444,1801,45.00000048618812,9.012433706732693e-13,56.22700048618756,0.999999999982199,294.26,355.73891866347645,355.386871948292,0.18531083239982607,0.6255433785560314,90.39855072463769,99.7584541062802,1.8593274844597905,-6.254803168629019,10.54088880316541,0.0027564376974824,0.2,0.8912670910313848,578.2606041903772,1.4432899320127035e-14,3.5638159090467525e-14,2.594243099718818e-09,2.264782792303929e-09,1.7906450273266898,0.0004760435819846,heatup->feed->hold
179,test,A,3,winter,none,0.9076291131448926,0.0010646949844572,1801,45.00085813520542,9.473699142112596e-13,56.22793563406247,0.9999999999821984,277.26,355.78698313785173,355.5160962072103,0.12299127688931007,0.5066099752399189,94.87334137515079,100.0,2.170627578449253,-6.0687654561507065,11.252015897099978,0.0032179375254977,0.2030264831765321,0.9874096397837712,578.299305504928,2.366162821232365e-15,3.5034475320827596e-14,0.0,0.0,1.6105847973298992,0.0004134739751956,heatup->feed->hold
180,test,B,3,summer,none,1.1646773941025372,0.0010039594274337,1801,45.00394334829351,1.0472117621406778e-12,56.23094334829305,0.9999999999821976,294.26,355.8497329512938,355.49221550433526,0.08923412340139962,0.2619352366168982,99.70326409495549,100.0,2.1712759695021715,-4.585436808188308,11.669635916136512,0.0032188987598988,0.2183337610931506,1.0599385167565625,2320.46908754058,5.594483210025203e-17,3.452793606584237e-14,2.3553353576014643e-14,2.3553352308633196e-14,1.1743810053895558,0.0004826901483552,heatup->feed->hold
181,test,A,4,summer,none,0.9332753218832938,0.0016111083078242,1801,44.99999999999998,1.0432735928195766e-12,56.226999999999,0.9999999999821964,294.26,355.7745235011873,355.4140612535466,0.19656147448699182,0.6560114546708178,90.12719563900666,99.93943064809207,1.7823834042773146,-5.678831267841464,10.317780576994291,0.0026423687316946,0.2,0.8541699243264295,578.2605840698477,1.4432899320127035e-14,3.552713678800501e-14,6.082592361704447e-09,6.984415772191659e-09,1.8810588284205352,0.0005364254635776,heatup->feed->hold
182,test,A,4,summer,none,0.9474253281086042,0.0016734867690581,1801,45.00000081736858,1.0543518984114337e-12,56.22700081736703,0.9999999999821964,294.26,355.8206679907832,355.58106885568213,0.19901865255248133,0.5010204689196501,94.97607655502392,100.0,1.8069003494117837,-5.689636034748651,11.598610846728102,0.0026787149011352,0.2191655260823779,1.0652812353230574,578.2606178959805,1.2434497875801753e-14,3.552713678800501e-14,3.3736481151371435e-09,4.5318476460376716e-09,1.7130278412837825,0.0004289153182875,heatup->feed->hold
183,test,A,1,winter,feed_temp,1.1060126794668823,0.0,1801,45.00027789517023,8.51391628271064e-13,56.22727789516883,0.9999999999822,277.26,355.7151104190435,355.3781856881642,0.32335088813765733,1.0291305863644595,73.1280193236715,94.26328502415458,1.807797901870352,-7.0872199041769,10.982919439842686,0.0026800455152701,0.2,0.9544165367203568,578.2720846323447,1.5334955527634975e-14,3.574918139293004e-14,4.086981098888245e-08,4.0869811000331796e-08,1.683935877187345,0.0003515627334853,heatup->feed->hold
184,test,B,2,summer,pulse_feed,0.9889658270214712,0.0004073237376515,1801,45.00000029238873,9.41527279614885e-13,56.22700029238792,0.9999999999821982,294.26,355.8102129353261,355.4987471000622,0.0950900037134901,0.333369723573969,98.91369945684973,100.0,2.188950331043869,-4.461230952806409,10.608748051379242,0.0032451008554627,0.2,0.8914742343325549,2319.682672902493,1.609823385706477e-15,3.469446951953614e-14,1.3726143248956049e-11,2.014505665160007e-11,1.4108675617268034,0.0005604060212193,heatup->feed->hold
185,test,A,3,summer,cooling_water,1.0154911737824497,0.0009451169241808,1801,45.00125011413063,1.088551561530953e-12,56.22825011413031,0.999999999982196,294.26,355.83386656440297,355.51624106227433,0.17758247344486466,0.4795180848368204,95.59261465157832,100.0,1.93730830090298,-5.308400903678882,10.893460423956071,0.0028720436162465,0.2,0.9469147405518786,578.3123207540784,5.329070518200751e-15,3.5416114485542494e-14,2.1108331949655735e-14,2.1108108224263e-14,1.2850881106099052,0.0004032606221491,heatup->feed->hold
186,test,B,3,summer,cooling_water,0.9889502306863144,0.0011969018634751,1801,45.00139924995032,1.0254403459026137e-12,56.22839924994832,0.9999999999821972,294.26,355.8602567486786,355.4944082876858,0.11112735377534284,0.29244495681140276,99.81981981981983,100.0,1.9320786220119637,-4.024863503943678,10.286723013510125,0.0028642906603195,0.2,0.842979996576643,2319.961661764331,1.3322676295501878e-15,3.441691376337985e-14,1.8435470199132524e-14,1.8435470199132524e-14,1.1520055931525235,0.0003773658790352,heatup->feed->hold
187,test,B,4,summer,cooling_water,0.911614230362056,0.0014044982255982,1801,45.00087465050499,1.005723026612854e-12,56.2278746505044,0.9999999999821974,294.26,355.83467396426704,355.49611617215146,0.16858018997972726,0.48130231464945133,97.19904648390941,100.0,2.0370622564308003,-3.967410246290517,11.083333246803646,0.003019928034558,0.2,0.9603098546171286,2319.8570398561897,4.440892098500626e-16,3.552713678800501e-14,1.704110332792516e-14,1.7041090238693992e-14,1.0447484023690663,0.0004122737003484,heatup->feed->hold
188,test,A,1,winter,feed_temp,0.9120841669037048,0.0,1801,44.999999999999964,8.763346633165054e-13,56.2269999999992,0.9999999999821996,277.26,355.8150231366177,355.57014244685826,0.31756986099626255,0.912035293910776,77.89921068609593,97.14632665452338,1.7481886507794615,-6.737470227509073,11.417343651848874,0.0025916752909826,0.2118316385659672,1.0310953072281883,578.2605840698549,8.43769498715119e-15,3.552713678800501e-14,3.9685173510317995e-08,3.951525870014502e-08,1.4478929130437166,0.0004662270034136,heatup->feed->hold
189,test,A,3,summer,none,0.9388493212464352,0.0009673130772495,1801,45.00058575081476,1.0467820442382602e-12,56.227585750814,0.9999999999821966,294.26,355.8205808269675,355.4910861962136,0.2141315131690851,0.6471064203976311,89.67359050445104,99.7626112759644,1.6910970548846531,-5.73638269186017,11.921806347434792,0.0025070374698085,0.2276921666826709,1.1073514704912342,578.2848252868389,1.4876988529977098e-14,3.558264793923627e-14,5.967233317047062e-08,6.167090099967049e-08,1.97107521935677,0.0003318863547898,heatup->feed->hold
190,test,B,5,winter,none,0.8560560532727814,0.0017175904778306,1801,45.00003881853453,1.2133617133099344e-12,56.22804708041331,0.9999999999821936,277.26,355.81688746827405,355.5616771975382,0.18443439776412227,0.578108109162585,92.10206561360876,100.0,1.7239531387821527,-5.75532256615466,11.924593612759722,0.0025557463438523,0.2280174375998041,1.1062141843505366,2319.89142749686,1.4876988529977098e-14,3.574918139293004e-14,2.452877529993884e-08,2.7298823600079014e-08,1.4792852196257158,0.0003299517076367,heatup->feed->hold
191,test,B,2,winter,none,1.0159774591783746,0.0004012937213869,1801,45.00103813779495,1.0497813786411246e-12,56.22803813779424,0.9999999999821968,277.26,355.8154122332656,355.5064471049299,0.173427006175814,0.6469020475506536,92.00721153846155,99.0985576923077,1.9860000462075305,-6.270420152585691,11.38278420873967,0.0029442287280332,0.2087623041172968,1.0140020722353889,2319.8896440637054,3.552713678800501e-15,3.524958103184872e-14,2.1280100285461224e-14,2.127938039701865e-14,1.2748358637498143,0.0003960098690502,heatup->feed->hold
192,test,B,2,winter,pulse_feed,1.1642299597965824,0.0004174378040217,1801,44.99999999999997,8.564427562537668e-13,56.22699999999998,0.9999999999821996,277.26,355.76888866284025,355.67616337153106,0.25197146663985914,0.9048234996824388,80.97560975609757,96.89024390243902,1.9763510149639376,-6.7546108363873305,10.922127888468085,0.0029299241186051,0.2,0.9551920739104128,2319.6826145953705,1.4876988529977098e-14,3.552713678800501e-14,4.597662196389159e-10,5.207255968413748e-10,1.7807788252779915,0.0005199385683914,heatup->feed->hold
193,test,A,3,summer,none,0.9798880983607732,0.0010963088471212,1801,45.00001813040107,1.0102457763002916e-12,56.22701813040006,0.999999999982197,294.26,355.816198878862,355.7174368489237,0.245901706605051,0.7039606756030875,87.48510131108462,99.40405244338498,2.236910017328956,-6.524481189058231,10.89501522957366,0.0033162006957763,0.2,0.9358595295068548,578.2613343830477,1.3766765505351941e-14,3.552713678800501e-14,2.0815403342525242e-14,2.0815339085071883e-14,1.8822380360801745,0.0005478588548509,heatup->feed->hold
194,test,A,4,summer,feed_temp,0.8997721345864393,0.0013959266112125,1801,45.00002881068352,8.663282252198635e-13,56.22702881068189,0.9999999999821996,294.26,355.8161722482569,355.49900460298227,0.08935194612742693,0.35063428511080585,99.4026284348865,100.0,1.823465706894292,-4.365904456074324,11.380112730306854,0.0027032729073061,0.2084522491870644,1.0135053618642755,578.2617763789359,3.774758283725532e-15,3.524958103184872e-14,1.072957172618461e-09,2.724461300226272e-09,1.5016525471842357,0.0004768552281804,heatup->feed->hold
195,test,A,5,summer,pulse_feed,0.9961661022253154,0.0019264066257258,1801,45.00028822837447,9.923749623189145e-13,56.22728822837331,0.9999999999821976,294.26,355.8045825874307,355.49762997224,0.08485582177692094,0.2981766127206697,99.46428571428572,100.0,2.126588863263928,-3.97363171971819,11.527687050775574,0.0031526504925785,0.211504606375191,1.0278829183785383,578.2725122703688,5.898059818321144e-17,3.555489236362064e-14,0.0,0.0,1.1955659197130046,0.0004980046520813,heatup->feed->hold
196,test,A,1,winter,none,1.188992167526005,0.0,1801,45.00032019201339,1.15875070640312e-12,56.22771239955833,0.9999999999821948,277.26,355.75929191561994,355.38610304777177,0.20146665490104035,0.6920207477835333,88.32826747720365,98.90577507598785,2.135127588133224,-6.739771853975002,10.790252123066294,0.003165309081942,0.2,0.9207244176269272,578.2900667236071,1.532107773982716e-14,3.552713678800501e-14,2.7941102083530272e-14,2.794051337675344e-14,1.8740979295416835,0.0004775954216372,heatup->feed->hold
197,test,B,5,winter,none,0.8326768797838245,0.0018262531728721,1801,45.00145972829797,9.86650109636588e-13,56.2284597282965,0.999999999982198,277.26,355.8072917457349,355.5300504851662,0.2826121519643588,1.2319522221683767,83.01088270858524,91.65659008464328,2.4345023481794,-5.954064242923496,10.747762936703898,0.0036091297005061,0.2,0.9273383226424168,2319.973723313364,5.523359547510154e-15,3.555489236362064e-14,0.0,0.0,1.5487560389211552,0.0004518832021446,heatup->feed->hold
198,test,A,5,summer,none,1.096822558527418,0.0023120411364471,1801,45.00006918614874,9.73653351770998e-13,56.22994802350026,0.9999999999821988,294.26,355.81915877664886,355.5140755656621,0.1656650171332603,0.47374131292555133,95.74468085106383,99.63525835866261,1.7976524653094064,-6.047863495173215,10.457108775756517,0.0026650049890435,0.2,0.8684268175411635,578.3825950187135,3.3306690738754696e-15,3.5083047578154947e-14,7.66490260194555e-09,8.500219419910711e-09,1.79008577076997,0.000334826567872,heatup->feed->hold
199,test,A,1,winter,pulse_feed,0.9804635171391404,0.0,1801,45.000105008249065,9.228238402467353e-13,56.227326847510135,0.9999999999821988,277.26,355.8364768627836,355.504944201401,0.1290709379881144,0.44105327659643756,96.62369551872314,100.0,2.281737889753291,-5.132829032378071,10.424541568816148,0.0033826576478093,0.2,0.858599717867172,578.2741105192488,9.992007221626409e-16,3.5083047578154947e-14,0.0,0.0,1.1512246262185002,0.0005702091074611,heatup->feed->hold
200,ood,A,5,winter,feed_temp,1.121913021482466,0.0029686713103539,1801,45.00006719576899,1.2695883221896697e-12,56.22706719576708,0.9999999999821924,277.26,355.84022101600004,355.4860999833559,0.10847138799724113,0.2990493060274046,99.63076923076923,100.0,1.6891504711506002,-3.619455896896135,9.876696253939771,0.0025041516754389,0.2,0.8079136384427775,578.2633649204137,8.659739592076221e-15,3.531896997088779e-14,1.3564549900061664e-08,1.3643017620375765e-08,1.0061317007597452,0.0003781297854036,heatup->feed->hold
201,ood,B,4,winter,pulse_feed,0.894507275196021,0.0017738262725249,1801,45.00111773178601,9.089602291358079e-13,56.22811773178528,0.9999999999821992,277.26,355.83905104897565,355.7533730236662,0.23437135526189992,0.9348871926054017,86.20060790273556,95.98784194528875,2.3192706364570896,-5.412398539717557,10.456442637223658,0.0034382996359846,0.2,0.856866230283473,2319.9055175897192,1.509903313490213e-14,3.552713678800501e-14,0.0,0.0,1.5009725140995513,0.0004809326927369,heatup->feed->hold
202,ood,B,4,winter,impurity,1.085596939876914,0.0017968442132677,1801,45.000080775591904,9.13988086726928e-13,56.22708077559151,0.9999999999821988,277.26,355.8438414958333,355.49461764880584,0.11785379353160945,0.3187997786869231,99.69824984912492,100.0,1.9739109425364596,-3.695751617423861,11.21981273035188,0.0029263067313079,0.2032229112157617,0.9860249526361644,2319.6987226702777,4.218847493575595e-15,3.497202527569243e-14,8.64660569366279e-09,1.1101464599997486e-08,1.046486579754493,0.0004204955847501,heatup->feed->hold
203,ood,B,5,summer,impurity,1.0053827107657112,0.0026592752816637,1801,45.00026764192571,1.175749789471183e-12,56.22797186824125,0.9999999999821944,294.26,355.8273261721583,355.4951020980652,0.10235264959529737,0.2607863560937176,99.69897652016857,100.0,2.230279777710855,-4.216987093743645,10.51713207956216,0.0033063714200949,0.2,0.8833031249672992,2319.876427909884,6.661338147750939e-16,3.552713678800501e-14,2.6314372367534662e-14,2.6314372367534662e-14,0.9106638528859747,0.0004975309507382,heatup->feed->hold
204,ood,A,4,winter,feed_temp,0.8480144788964652,0.0021351432141324,1801,45.00000390734628,1.183153037307455e-12,56.22700390734404,0.999999999982194,277.26,355.83676121338846,355.48883193678785,0.1143882518922707,0.2947243158268975,99.69530773918342,100.0,1.5644330210705504,-3.6533465295878655,11.291790753988565,0.0023192590818491,0.2,0.959501220446094,578.2607457723396,9.103828801926284e-15,3.5388358909926865e-14,3.167666073455172e-08,3.075107399990763e-08,0.8483140213670239,0.0003493868451713,heatup->feed->hold
205,ood,A,5,winter,cooling_water,1.0285991631678153,0.0022517808663045,1801,45.00052923652744,1.2042514086147256e-12,56.22966112756313,0.9999999999821944,277.26,355.85012670025327,355.49857148282587,0.08249121506537653,0.3350415089753254,98.5392574558734,100.0,2.309367654187473,-5.260891089884465,10.917280453010145,0.0034236185462499,0.2,0.9332511622965012,578.3707203380642,5.572799166575493e-17,3.4861002973229915e-14,2.7078879071561343e-14,2.707869821083354e-14,1.11199580835968,0.0005158642335454,heatup->feed->hold
206,ood,A,5,summer,impurity,0.8657103738771398,0.0030058453989589,1801,45.00025183214987,8.589109978013612e-13,56.22725183214848,0.9999999999821998,294.26,355.81676244331067,355.28054059443457,0.19839762651944798,0.5804673275996574,92.21954161640531,99.39686369119421,2.1401972930557296,-6.6497490805862025,9.93730110790982,0.003172824877777,0.2,0.7942917676057082,578.2710060193792,1.4876988529977098e-14,3.552713678800501e-14,0.0,0.0,1.7634062608667307,0.0004696179878783,heatup->feed->hold
207,ood,B,5,summer,cooling_water,0.9473426449096816,0.0022892015799653,1801,45.00185904316531,1.2745102926390802e-12,56.22885904316392,0.999999999982193,294.26,355.82224858205626,355.502457327788,0.10017850860823396,0.2707884340140083,99.75772259236825,100.0,2.16917907425329,-3.932806214266428,9.504312751548827,0.0032157901299452,0.2,0.7446215109533676,2320.0533622056355,1.3322676295501878e-15,3.469446951953614e-14,2.7733038378447406e-14,2.7733038378447406e-14,0.9883680266873895,0.0005289778656189,heatup->feed->hold
208,ood,B,5,summer,cooling_water,1.1395954659534064,0.0022755292715095,1801,45.00040899632645,8.503482877029508e-13,56.22740899632535,0.9999999999822,294.26,355.8500697667683,355.48641972885974,0.10937183418930421,0.27050387340492815,99.76190476190476,100.0,1.867045274695944,-3.841260372954314,11.157003691298312,0.0027678792580068,0.2,0.9581307033720664,2319.7641765428275,5.384581669432009e-15,3.5541014575812824e-14,5.233941673025923e-14,3.533569253035598e-14,0.9996240911312171,0.0004175852229236,heatup->feed->hold
209,ood,B,5,summer,impurity,1.10413042977265,0.00277089939298,1801,45.00001488183534,1.0539892311825513e-12,56.227014881833774,0.9999999999821964,294.26,355.78294501859034,355.5014655901335,0.10735239262048853,0.36420731247900384,98.6244019138756,100.0,1.762889336267577,-4.196639516257684,10.849990874481204,0.002613468936264,0.2,0.9317008858274586,2319.6855822885173,7.771561172376096e-15,3.4916514124461173e-14,3.257140353592901e-08,3.223931629992016e-08,1.0972990752659229,0.0003575439058168,heatup->feed->hold
210,ood,B,5,summer,feed_temp,1.0636333362599308,0.002259081421439,1801,45.00002872500947,9.104005237356364e-13,56.22702872500789,0.9999999999821988,294.26,355.8492533122236,355.485678724289,0.13716306714646884,0.42795929581931763,97.36052789442111,99.76004799040193,1.6517178303103086,-5.136359726206405,11.462983834724726,0.0024486580933826,0.204361981780569,0.991183799908842,2319.688342857798,7.216449660063518e-15,3.5263458819656535e-14,4.047019371627441e-08,4.0470193799890114e-08,1.4820971327389643,0.0004019667030272,heatup->feed->hold
211,ood,B,5,winter,impurity,1.0505987145550455,0.0029872287832163,1801,45.00000027969291,9.62256212251281e-13,56.22700027969126,0.999999999982198,277.26,355.8335546018947,355.8109493988722,0.18124422950834335,0.515966168669436,94.54656862745098,99.08088235294117,1.6343057906337697,-4.774059883224312,10.62216767363418,0.0024228448878254,0.2,0.8838524881268466,2319.6826703705588,1.4210854715202004e-14,3.552713678800501e-14,6.875359392123535e-08,6.984620729965502e-08,1.019134515926062,0.0003672758037029,heatup->feed->hold
212,ood,A,5,summer,cooling_water,0.8639013827624873,0.0024306744051076,1801,45.00077981098927,8.837889511632875e-13,56.22777981098783,0.9999999999821996,294.26,355.7991139075976,355.4983095807544,0.09091101330642462,0.32401026625757645,99.10926365795724,100.0,2.161728349479934,-4.861235140251991,10.999990634261597,0.003204744491772,0.2015686544392104,0.979285344707398,578.2928566013126,5.724587470723463e-17,3.502753642692369e-14,0.0,0.0,0.9131860720920244,0.0004807035124005,heatup->feed->hold
213,ood,A,5,winter,pulse_feed,1.1265140438011347,0.0026455626919645,1801,45.000011220033,9.637831816855354e-13,56.22701122003212,0.9999999999821978,277.26,355.7671062189424,355.47693315152475,0.2806882106889687,0.9868391720312185,80.72660098522168,95.19704433497537,1.9751219831338231,-5.847302768658427,9.860074072915705,0.0029281020890292,0.2,0.7927115988991833,578.2610484025082,1.4876988529977098e-14,3.5638159090467525e-14,2.1113886641994087e-08,2.1113886580397533e-08,1.6972436362607155,0.0003691548137774,heatup->feed->hold
214,ood,B,4,winter,feed_temp,1.1913854841130207,0.001758236814061,1801,45.00000506474193,9.99348414172218e-13,56.22700506474008,0.9999999999821972,277.26,355.8108622137403,355.55196945341964,0.2650333251222885,0.8005229949522231,83.4445118253487,97.45300181928441,1.6497717302700072,-6.748985615113432,11.722637770413012,0.002445773016085,0.2098691516293238,1.0182573416489624,2319.68362459115,1.2434497875801753e-14,3.549938121238938e-14,7.272436140584559e-08,7.062629970005369e-08,1.555566639979574,0.0003534809241827,heatup->feed->hold
215,ood,B,5,winter,pulse_feed,1.005377629638001,0.0028554199029336,1801,45.00114097953902,1.062798068319214e-12,56.22814097953796,0.9999999999821964,277.26,355.79150620244206,355.537267179642,0.18991925410748653,0.5845239108347641,92.19600725952813,99.39503932244405,2.12236225854714,-5.874449685215383,10.700497825790276,0.0031463845858616,0.2,0.923172768328489,2319.9101539328194,1.509903313490213e-14,3.547162563677375e-14,1.855327675098286e-11,1.3379544496515995e-11,1.344971624203744,0.0004608022024718,heatup->feed->hold
216,ood,B,5,winter,pulse_feed,0.8432882805721522,0.0026606968649139,1801,45.00001277688645,1.1247935162422369e-12,56.22701277688496,0.999999999982195,277.26,355.8428344518193,355.49244730945423,0.11079011597115958,0.2672684988621597,99.25696594427245,100.0,1.79962897492902,-3.639005771280804,9.748588870455476,0.0026679351482921,0.2,0.7651142232893992,2319.685162525387,4.107825191113079e-15,3.499978085130806e-14,2.131340175891603e-09,2.603922099995862e-09,0.8127182122422312,0.0004388463828572,heatup->feed->hold
217,ood,B,4,summer,impurity,0.8715788927655349,0.002076985904909,1801,45.0000109293518,9.960133847906845e-13,56.22701092935066,0.9999999999821974,294.26,355.77188084784825,355.5022954417568,0.10329741470165188,0.4306553680974332,97.12746858168761,100.0,2.037510191822701,-3.711691365627459,10.413371279511924,0.003020592095091,0.2,0.8740480793506007,2319.684794095253,2.6645352591003757e-15,3.5388358909926865e-14,8.840133143747504e-11,8.840126890662098e-11,1.2433279188809934,0.0004092195434433,heatup->feed->hold
218,ood,B,5,winter,pulse_feed,0.7875578024940275,0.0024068904400828,1801,45.00000008751646,9.686018772355469e-13,56.22700008751583,0.9999999999821978,277.26,355.8413142359626,355.46048660985355,0.12969103629109396,0.3231386505597356,99.63076923076923,100.0,1.5759723832446226,-3.4187019878583067,10.378991398928637,0.0023363660913283,0.2,0.8363815208177933,2319.6826320474943,8.881784197001252e-15,3.544387006115812e-14,3.4971866786151495e-08,3.3700411800150626e-08,0.921009360391146,0.0003523966957408,heatup->feed->hold
219,ood,A,5,winter,pulse_feed,1.0069617166608331,0.0025968090609173,1801,45.00050709904713,1.016989172720352e-12,56.22750709904556,0.9999999999821972,277.26,355.83355658889724,355.5034121008993,0.14261439338533405,0.40942172267310734,97.6857490864799,99.7563946406821,2.015990224543242,-5.559948454465244,10.714874497174549,0.0029886889206618,0.2,0.9042711384754306,578.2815702518216,7.327471962526033e-15,3.519406988061746e-14,4.792788190050934e-09,4.792788197792815e-09,1.340872349977694,0.0004126499889397,heatup->feed->hold
